Feature,Importance,Fold
1:2927-43870,0.0,3
1:85022-216735,0.0,3
1:370546-372295,0.0,3
1:471671-786483,0.00025169104923706154,3
1:792533-907406,0.0,3
1:912799-1266212,0.0,3
1:1271190-1590570,0.0,3
1:1676445-1703748,0.0,3
1:1738295-2477597,0.0,3
1:2481927-2562342,0.0,3
1:2574555-2580342,0.0,3
1:2611444-2641811,0.0003433840456921001,3
1:2643540-2645074,9.438414346389808e-05,3
1:2664285-2665530,0.0007738839454777824,3
1:2672694-2832087,0.0005070346797827567,3
1:2854198-2856899,0.0,3
1:2870100-2880675,0.0005943018781820492,3
1:2882919-2901629,0.0,3
1:2903052-3112977,0.0,3
1:3125822-3135062,0.0,3
1:3136815-3137481,0.0001883239171374764,3
1:3149648-3157982,0.0,3
1:3166706-3521038,0.0,3
1:3521345-3798798,0.0,3
1:3810936-6606212,0.0005817116551579824,3
1:6613363-8038878,0.0006860380491218623,3
1:8050444-10537398,0.0,3
1:10551320-12533269,0.0,3
1:12544104-12768740,0.0,3
1:12774453-12788158,0.0,3
1:12800742-12805297,0.00039781203381402297,3
1:12833868-13002452,0.0003046168491194669,3
1:13520352-15852641,6.292276230926536e-05,3
1:15858551-16119613,0.0,3
1:16126501-16531740,0.0,3
1:16551324-16592466,0.0006740013876499156,3
1:16672053-16680432,0.0005639480913138205,3
1:16693433-16750002,0.0004221388367729832,3
1:16757397-16794038,0.0,3
1:16799163-16836986,0.0,3
1:16954838-16997273,0.000724686304770851,3
1:17030134-17037487,0.0,3
1:17042808-19187091,0.0007421542371613698,3
1:19200088-21470929,0.0013655560769591743,3
1:21483025-21545437,0.0006160405237722042,3
1:21558697-22668805,0.0015760918303291166,3
1:22674759-23463832,0.0,3
1:23469376-25318800,0.0,3
1:25354765-25402278,0.0,3
1:25414726-25433465,0.0,3
1:25441018-26227863,0.0002936356186834197,3
1:26233527-26722236,0.0,3
1:26737835-26751009,0.0,3
1:26758077-27414811,0.0,3
1:27418631-27637052,0.0025301218552766023,3
1:27650970-27755668,0.0,3
1:27765928-29080585,0.0,3
1:29088543-30687222,0.0,3
1:30716764-30984527,0.0,3
1:31006782-31124964,0.0,3
1:31136968-31957740,0.0,3
1:31968013-33181040,0.0,3
1:33189868-34166798,0.0,3
1:34172947-35330813,0.0015633602278120548,3
1:35336344-35895515,0.0016608346369498905,3
1:35903416-37578554,0.0,3
1:37599215-38399540,0.0006277768783839689,3
1:38432360-38569674,0.0,3
1:38648737-39428343,0.0,3
1:39437661-40202959,0.0006073764291983099,3
1:40207650-40612758,0.0,3
1:40617288-40677227,0.0,3
1:40682830-41867848,0.001379495798319327,3
1:41873732-42747586,0.0,3
1:42754729-43839204,0.000806679155392122,3
1:43848683-44593810,0.0,3
1:44600018-45223413,0.0005010176921872555,3
1:45231107-46047207,0.0,3
1:46054586-46436383,0.00031313605761703467,3
1:46445058-47002412,0.0,3
1:47020328-47076960,0.0,3
1:47089264-48831518,0.0,3
1:48841029-48963712,0.0006374040272345356,3
1:48974558-49671800,0.0,3
1:49686548-50400238,0.00026246719160104987,3
1:50444082-51401581,0.0,3
1:51408483-52434446,0.0,3
1:52445317-53651141,0.0003513725490196079,3
1:53661750-55331098,0.0,3
1:55339131-55523339,0.0009992307981166078,3
1:55559966-56093730,0.0,3
1:56126922-56811818,0.0008975096572696634,3
1:56820392-57352466,0.0,3
1:57359130-58257959,0.0010521371535932363,3
1:58269395-58818282,0.0,3
1:58829706-59938549,0.0,3
1:59947024-60037860,0.0,3
1:60048731-60931948,0.0,3
1:60943372-61455192,0.0003260648053800693,3
1:61460755-62257156,0.0,3
1:62265513-62775298,0.00016423367208707508,3
1:62781892-63279284,0.0017607753614445939,3
1:63297252-63739396,0.0013307660520862194,3
1:63746181-64381618,0.0,3
1:64392452-65044702,0.0012012932990224981,3
1:65061124-65363623,0.0003550942365473915,3
1:65377733-65684038,0.0005341551104262968,3
1:65691013-66605594,0.0,3
1:66624841-66943717,0.0,3
1:66956044-67293111,0.000702958742362875,3
1:67304899-67564224,0.0,3
1:67574404-69349603,0.0,3
1:69374719-70163952,0.0017657197981227537,3
1:70172264-70544007,0.0003146630829034264,3
1:70553640-70787481,0.0,3
1:70848676-70955685,0.0,3
1:70968966-72065805,0.0008300964412337707,3
1:72080289-72473289,0.0,3
1:72489681-72620747,9.64785335262904e-05,3
1:72661597-74078153,0.0007011369918992331,3
1:74137824-74816963,0.0,3
1:74824437-75454027,0.0,3
1:75473473-76096464,0.0,3
1:76105071-76128015,0.00036038741647270825,3
1:76167515-76719796,0.0,3
1:76735134-77210667,0.0006625650733554188,3
1:77217365-77934334,0.0,3
1:77945975-79392599,0.0,3
1:79437815-80901791,0.00031317349137931075,3
1:80938887-81107155,0.0,3
1:81184008-83075209,0.0006353102552070172,3
1:83100179-83359798,0.0,3
1:83381408-83603746,0.0,3
1:83635029-84586214,0.0,3
1:84590209-84901413,0.0,3
1:84921910-86224479,0.0,3
1:86236843-87585025,0.0,3
1:87607672-87697095,0.0003475113122171945,3
1:87749501-87791319,0.0,3
1:87839437-89193171,0.0,3
1:89198467-91213470,0.0,3
1:91230845-91708215,0.00034061678491675374,3
1:91714670-93739491,0.0,3
1:93748351-97087853,0.0,3
1:97110991-102417008,0.0,3
1:102443157-103810269,0.0019139310195382842,3
1:103819551-103875725,0.0,3
1:104018651-104671817,0.0,3
1:104696813-106107236,0.0,3
1:106163050-107403052,0.0,3
1:107408809-108467581,0.0,3
1:108571690-109922013,0.0,3
1:109933787-109968401,0.0014161443857668152,3
1:109987805-110453999,0.0,3
1:110464125-110577138,0.0008936470588235293,3
1:110588200-112717534,0.0004699248120300751,3
1:112725478-113471063,0.0,3
1:113508337-114220736,0.0,3
1:114228794-114235706,0.0,3
1:114245958-114853862,0.0,3
1:114863525-115372000,0.0,3
1:115389481-116062013,0.0,3
1:116081666-116824183,0.0,3
1:116847623-116861515,0.0,3
1:116880909-116906096,0.0,3
1:116925150-116938461,0.0,3
1:116948867-117006671,0.0008576557480492584,3
1:117015146-117751415,0.00035112667772715716,3
1:117757490-118781178,0.0012278955505199175,3
1:118811438-119105315,0.0,3
1:119131184-119266053,0.0,3
1:119271891-119774102,0.0006211764705882352,3
1:119783556-119942294,0.0,3
1:119963572-120232261,0.0010694237399487495,3
1:120313797-120384620,0.0,3
1:120405944-120737345,0.0,3
1:120761983-120923696,0.0006299521236386033,3
1:141474904-141491470,0.0,3
1:141500919-141527782,0.0,3
1:142116690-142435868,0.0,3
1:142444242-142565191,0.002264280188171484,3
1:142570866-142598507,0.00017103249617427322,3
1:142610589-142871406,0.0,3
1:142877399-143526765,0.0005668398677373641,3
1:143543580-144966156,0.0005735562543152076,3
1:144975464-145023947,0.0,3
1:145647143-145716245,0.00033755274261603385,3
1:145820605-146012014,0.0005679878418319302,3
1:146473741-146512434,0.0,3
1:146525071-146549143,0.0,3
1:146581869-146634734,0.0,3
1:146661770-149362629,0.0006352817431223432,3
1:149369522-149394958,0.0015155491451624404,3
1:149403519-149573806,0.0,3
1:149579637-149582884,0.0009009796030766815,3
1:149591108-149598429,0.00033814127965340517,3
1:149604744-150808620,0.0,3
1:150815602-151998352,0.00028315243039169424,3
1:151998685-152605084,0.0,3
1:152617283-155145482,6.253908692933087e-05,3
1:155152973-156497370,0.00024084295032614152,3
1:156504203-156715120,0.0,3
1:156722904-157446463,0.0,3
1:157457777-157769567,0.0006048276424282943,3
1:157779753-158111315,0.0,3
1:158123386-158211115,0.00018841262364578424,3
1:158222895-158292447,0.0,3
1:158296040-158314837,0.0016808869684447746,3
1:158319014-158365270,0.0003779527559055117,3
1:158378189-158382079,0.00020676691729323314,3
1:158392593-158736756,0.0004353741496598639,3
1:158747329-164242059,0.0,3
1:164247118-165948301,0.000242078416115506,3
1:165958802-165988174,0.0,3
1:166003996-166010822,0.0002633600351146713,3
1:166018172-168812476,0.0,3
1:168818982-172497794,0.0,3
1:172527923-176446701,0.0015530016687231821,3
1:176455950-179420685,0.0,3
1:179443743-179575821,0.0,3
1:179581225-181371569,0.0,3
1:181387023-182641159,0.0,3
1:182657845-186034550,0.0006013090034459632,3
1:186062909-186274119,0.0,3
1:186293872-189329179,3.212092583845054e-05,3
1:189337051-193443252,0.0002004070768749022,3
1:193480150-193527058,0.00025493945188017844,3
1:193556792-193630262,9.451795841209828e-05,3
1:193652057-199041703,0.000338535113857926,3
1:199047681-199054142,0.0,3
1:199087690-199111062,0.0002506265664160401,3
1:199135441-199222301,0.0002569043031470777,3
1:199273751-199356111,0.0,3
1:199363774-201157571,0.0,3
1:201169853-202358631,0.00012656225280810001,3
1:202366885-203532522,0.00034400513714338143,3
1:203539204-205954108,0.0,3
1:205966175-208143743,0.0,3
1:208148352-209359643,0.0,3
1:209366118-211118685,3.131360576170347e-05,3
1:211126341-211395327,0.0,3
1:211438238-212152890,0.0,3
1:212163869-213601626,0.0009296534519936182,3
1:213607905-215165364,0.0,3
1:215199726-217395427,0.00025050884609362776,3
1:217416088-219300768,0.0,3
1:219311634-221538990,0.0,3
1:221557056-224126341,0.0,3
1:224140920-225920251,4.6992481203007515e-05,3
1:225926558-231061656,0.0,3
1:231067740-234760702,0.0011198826222092273,3
1:234776770-236274333,5.021971123666032e-05,3
1:236280081-237042779,0.00042714787299353674,3
1:237050563-238730140,0.0,3
1:238747201-239156984,0.0,3
1:239190321-239313778,0.0,3
1:239337733-239364269,0.00047963953394034996,3
1:239391358-239517083,0.0,3
1:239544570-239630032,0.0,3
1:239663268-244617610,0.0,3
1:244627520-244676774,0.0007957821809684312,3
1:244693374-244865778,0.0004674792198351975,3
1:244870377-244942436,0.0,3
1:244947984-244955806,0.0005650014315665032,3
1:244961779-244970723,0.0005149422925154446,3
1:245009770-245014643,5.765023806459942e-05,3
1:245054641-245071941,0.0,3
1:245082256-245121447,0.0,3
1:245134410-245140268,0.0,3
1:245150122-245299678,0.0011722314384750227,3
1:245308564-245433846,6.34014899350135e-05,3
2:712-125634,0.0,3
2:143031-165346,0.0,3
2:167106-176745,0.000981376857083074,3
2:196212-479448,0.0018527662439681305,3
2:485052-3016048,0.0,3
2:3072994-4495693,0.0,3
2:4600483-5064198,0.0,3
2:5117160-8963807,0.0,3
2:8972669-10440704,0.0,3
2:10446234-11268822,0.0,3
2:11273719-11824126,0.0,3
2:11839789-15741307,0.0,3
2:15752122-20346474,0.0002512168315277123,3
2:20354952-22147571,0.0,3
2:22164275-23148262,0.00032533616375795806,3
2:23178086-23798605,0.0,3
2:23809995-25541135,0.0,3
2:25551899-29745341,0.0,3
2:29758580-34597887,0.0,3
2:34614581-34702220,0.0,3
2:34730412-34868034,0.0003181176470588236,3
2:34904779-39267014,0.0,3
2:39284752-41599090,0.0,3
2:41616449-43362384,0.0,3
2:43367043-44064629,0.0,3
2:44073585-44107287,0.0,3
2:44112923-46581831,0.0,3
2:46600135-47534465,0.0,3
2:47541529-48962866,0.0009546430922311086,3
2:49007696-50317220,0.0,3
2:50329312-56794730,0.00018823529411764707,3
2:56853626-57106587,0.0,3
2:57141220-60843704,0.0008252959702027937,3
2:60860846-61005290,0.0,3
2:61025070-61061211,0.0,3
2:61069435-67262586,0.0,3
2:67280403-69113514,0.0,3
2:69119613-73764874,0.00026079869600652,3
2:73769146-74670974,0.0006591337099811675,3
2:74676485-81995821,0.0,3
2:82033369-87033744,0.0,3
2:87287735-87839798,0.0,3
2:88099999-89162648,0.0,3
2:89203734-89712785,0.0,3
2:89727641-89953713,0.0,3
2:91057159-91234354,0.0,3
2:91240477-91321476,0.0,3
2:91494116-91569435,0.0,3
2:91683845-94918111,0.0,3
2:94940234-94964565,0.0,3
2:94970664-98466443,0.0,3
2:98472519-101487776,0.0,3
2:101508783-106387775,0.0,3
2:106409285-110341019,0.0,3
2:110563411-111085061,0.0,3
2:111108426-113884106,0.0,3
2:113910766-114036896,0.0005072119194801076,3
2:114146068-115199661,0.0,3
2:115206978-115251658,0.0,3
2:115260305-116378260,0.0,3
2:116395687-120822517,0.0,3
2:120829609-123225447,0.0,3
2:123281054-126438234,0.0,3
2:126478953-126745976,0.0,3
2:126799274-126901119,0.0,3
2:126922829-130410215,0.0,3
2:130427665-130453073,0.0,3
2:130458581-131785093,0.00018796992481203006,3
2:131792734-131931782,0.0,3
2:131945577-132042781,0.0002569043031470777,3
2:132067307-132196569,0.0,3
2:132210961-132323628,0.0,3
2:132327604-132349355,0.0,3
2:132419295-132947789,0.0,3
2:132974227-139709714,0.0,3
2:139773806-147365650,0.0,3
2:147413433-147652606,0.0,3
2:147700457-158902610,0.0,3
2:158911197-159695436,0.0010920061790039197,3
2:159712195-164848314,0.0,3
2:164879282-165653813,0.0,3
2:165662108-171006374,0.0,3
2:171017426-173478545,0.0,3
2:173485322-174896336,0.0,3
2:174901679-180212390,0.0016869912731895611,3
2:180223718-187349250,0.0,3
2:187359105-190451844,0.0002448848074754311,3
2:190458269-190481066,0.0,3
2:190485380-196058781,0.0,3
2:196090504-198648767,0.0003529411764705882,3
2:198658046-216382286,0.0,3
2:216395222-217154796,0.0003941945224003627,3
2:217169713-224771175,0.0,3
2:224833869-229675328,0.0,3
2:229700351-231853847,0.0005730631942772413,3
2:231862922-233057465,0.0,3
2:233066421-235036486,0.0,3
2:235061664-235732587,0.0,3
2:235740357-236665001,0.0,3
2:236672959-242242118,0.0,3
2:242430070-242784096,0.0,3
3:39066-342654,0.0,3
3:348251-478718,0.0015690665595897366,3
3:515536-517145,0.0015019611852152928,3
3:521064-574415,0.0,3
3:586636-625689,0.0,3
3:641257-4099960,0.0003562284314816875,3
3:4109224-4214897,0.00033081285444234396,3
3:4226329-9771752,0.001185345779139218,3
3:9779380-9918123,0.0003370535089927553,3
3:9923074-11677508,0.00044004400440044,3
3:11686988-12710784,0.0014108287878961527,3
3:12735694-14873985,0.0011824167652388527,3
3:14887411-16613213,0.0,3
3:16617887-16778176,0.0,3
3:16792439-18668016,0.003508343005519482,3
3:18712267-19922255,0.0038891813875119004,3
3:19936335-24520200,0.0032914078724178247,3
3:24543616-25463517,0.0,3
3:25470432-29923292,0.0016149575608854921,3
3:29936736-31279861,0.0012001335162227413,3
3:31298148-34796905,0.0008445342479429116,3
3:34840321-39070614,0.001176470588235294,3
3:39083092-41241584,0.0019314718202831146,3
3:41249898-46752789,0.00019020446980504044,3
3:46761824-46823673,0.0,3
3:46829442-48626775,0.00045219029674988215,3
3:48631976-48677740,0.0,3
3:48686316-50274167,0.0,3
3:50277922-50326943,0.00039781203381402297,3
3:50330225-54374166,0.0010207136322725435,3
3:54381805-55759111,0.0009253168442748762,3
3:55767891-60816395,0.0,3
3:60825422-64093778,0.0,3
3:64100021-65243724,0.0,3
3:65284372-69024511,0.00047424439753895897,3
3:69036237-69714887,0.0,3
3:69736891-71096721,0.0009725035354793575,3
3:71105921-71561684,0.0,3
3:71570203-73535935,0.0022776595890894014,3
3:73545783-75469606,0.0,3
3:75479859-75535753,0.0,3
3:75546791-75799957,0.0,3
3:75845446-75858339,0.0005936115425716381,3
3:75870144-75896020,0.0016378555984763571,3
3:75914406-75957900,0.0,3
3:75971233-76019295,0.0020597558690211475,3
3:76042344-77513375,0.0,3
3:77524016-79388058,0.0,3
3:79401618-80929281,0.0004322587711292028,3
3:80959005-82751614,0.0,3
3:82801964-84189335,0.0,3
3:84212782-84761534,0.0,3
3:84773539-86079447,0.0,3
3:86093476-86238114,0.0005086631696073758,3
3:86304015-87271517,0.0,3
3:87287192-87311658,0.0012560628867703627,3
3:87336579-87661897,0.0,3
3:87696516-88166248,0.0016913904069954552,3
3:88179775-88662813,0.0,3
3:88671596-89473678,0.0,3
3:89488409-89516057,0.0006413126306628257,3
3:89531802-89654152,0.0008102678571428573,3
3:89663968-90219681,0.00042469203021847134,3
3:90236603-90284660,0.0,3
3:90296455-90391698,0.0003844305622296972,3
3:95043863-95338953,0.0,3
3:95346425-97340020,0.0,3
3:97384282-97943959,0.0,3
3:97955574-100144881,0.0,3
3:100159418-103058802,0.0,3
3:103067334-103845179,0.0,3
3:103869497-105247720,0.0006956871913802718,3
3:105296320-106577524,0.0,3
3:106589477-111089189,0.0,3
3:111105693-113356479,0.0,3
3:113370366-113847282,0.0,3
3:113854434-114473399,0.0,3
3:114484581-115444884,0.0,3
3:115450295-119473378,0.0,3
3:119496988-123302196,0.0,3
3:123307820-126884366,0.00046107094205176564,3
3:127015333-127130406,0.0,3
3:127138046-128434521,0.0007288162742271342,3
3:128485208-128664764,0.0005033052884615381,3
3:128683027-130206126,0.0,3
3:130220686-130840184,0.0009638419029986817,3
3:130849527-131199964,0.0009463911350703812,3
3:131215316-131299415,0.0017631754781800865,3
3:131310594-136853762,0.0,3
3:136891846-137841243,0.0006810249425385203,3
3:137852057-143671669,0.0,3
3:143686906-144718154,0.0036818897932055306,3
3:144727213-153247166,0.0013662793693891323,3
3:153300999-156963893,0.0,3
3:156981865-160212878,0.0009563900889922827,3
3:160231691-163957219,0.0,3
3:163966040-163987465,0.0,3
3:163997236-164023510,0.0,3
3:164038925-164101784,0.0001893043066729768,3
3:164112881-164333847,0.00107995153934087,3
3:164343718-164427869,0.0,3
3:164454066-166625316,0.0,3
3:166639991-168786545,0.00032082551594746705,3
3:168804852-170462923,0.0008212602393710202,3
3:170472437-173237997,0.0018384748750790584,3
3:173247425-173637617,0.0001875293014533521,3
3:173645852-176989598,0.0,3
3:177004388-181135381,0.0,3
3:181148817-181183735,0.00030924245837514604,3
3:181189842-185001990,0.003140783002162897,3
3:185013005-186735226,0.0,3
3:186745732-193414542,0.0006602495543672011,3
3:193425674-193467200,0.0012443744110809665,3
3:193476462-196656506,0.001711272510197989,3
3:196908262-196937230,0.001372688028220266,3
3:196947293-196962380,0.0013114317775538328,3
3:196972157-199325300,0.0011863085513455958,3
3:199333505-199383479,0.0006689178324489468,3
4:5224-61876,0.0012559043550975188,3
4:62447-79281,0.0013512054440324487,3
4:81744-90787,0.0,3
4:96888-175366,0.0007522660074644952,3
4:185368-826605,0.0,3
4:833085-843614,0.0013021561053121824,3
4:846154-890807,0.0,3
4:897264-916652,0.0,3
4:917610-3551253,0.0,3
4:3556852-3568531,0.0,3
4:3573080-3641241,0.0,3
4:3673803-4147283,0.0,3
4:4308119-4314081,0.0,3
4:4327213-4358339,0.00034461152882205514,3
4:4360195-8850748,0.0,3
4:9047040-9477600,0.00029225523623964926,3
4:9490990-15375010,0.0008041040324504893,3
4:15384438-24218777,0.0009654519640321818,3
4:24224491-26261405,0.0,3
4:26278444-30019771,0.00037738982104174664,3
4:30083533-30560722,0.0,3
4:30573671-31049842,0.0,3
4:31107518-36697482,0.0,3
4:36738699-36983238,0.0008955842787253099,3
4:37025175-37407426,0.0,3
4:37413005-41489363,0.0009457262339587261,3
4:41496099-42685919,0.0,3
4:42710489-45504577,0.0,3
4:45535603-45884120,0.00018876828692779616,3
4:45894555-47334481,0.0,3
4:47347301-48644676,0.0,3
4:48659573-48887700,0.0,3
4:48893757-48924159,0.0,3
4:49056466-49422736,0.0,3
4:52530029-52542008,0.0,3
4:52552859-52866092,0.0008706508832307504,3
4:52891744-53940563,0.0,3
4:53947082-54222055,0.0,3
4:54233704-54818502,0.0,3
4:54830408-56191506,0.0,3
4:56204828-56528111,0.00019083969465648855,3
4:56538786-56886195,0.0,3
4:56900758-57769341,0.0,3
4:57777789-59357407,0.0,3
4:59395290-60641180,0.0,3
4:60678904-61229724,0.0,3
4:61252645-62435526,0.000570729289243062,3
4:62446231-63222419,0.00029225523623964926,3
4:63275984-64652340,0.0,3
4:64680305-65414644,0.0,3
4:65481054-65744197,0.0,3
4:65794186-66816761,0.0,3
4:66835016-67211677,0.0,3
4:67234063-67381734,0.0,3
4:67404716-67833957,0.0,3
4:67867679-69042487,0.0,3
4:69215734-69311985,0.00018796992481203006,3
4:69789443-70305861,0.0,3
4:70334625-70410860,0.0004495825305073862,3
4:70442343-70445716,5.955508845682282e-05,3
4:70473911-70726327,0.0,3
4:70749905-71906729,0.0,3
4:71911043-72985198,0.0,3
4:72994111-74368203,0.0,3
4:74379535-74719357,0.0,3
4:74730754-75668590,0.0,3
4:75673613-76622083,0.0,3
4:76653831-77049387,0.0,3
4:77061006-77300382,0.0,3
4:77303574-77856862,0.0,3
4:77863667-78685195,0.0,3
4:78691810-79606045,0.0,3
4:79616351-80607032,0.0,3
4:80615625-81139934,0.0,3
4:81162799-82540203,0.0,3
4:82569422-84308939,0.0005753402378034249,3
4:84316855-87125034,0.0,3
4:87135123-88309706,0.0,3
4:88320867-88381178,0.0,3
4:88392625-89297860,0.0002819548872180451,3
4:89306720-89782811,0.0,3
4:89790637-91468725,0.0,3
4:91479631-92419006,0.0,3
4:92426426-93211181,0.0004190895280004191,3
4:93240865-100160841,0.000664451827242525,3
4:100169541-102644734,0.0,3
4:102672728-104401802,0.0,3
4:104413477-106965473,0.0011152941176470583,3
4:106972190-110834066,0.0,3
4:110841462-119681984,0.00045028142589118204,3
4:119714411-119812578,0.0017560913977031154,3
4:119819380-119910398,0.0,3
4:119958548-120638168,0.0,3
4:120650347-124374816,0.0,3
4:124390047-126128011,0.0,3
4:126172292-132931013,0.0,3
4:132983429-133222805,0.0,3
4:133264013-133574024,0.0,3
4:133582875-133743518,0.0,3
4:133758444-135910286,0.0,3
4:135920331-141938438,0.00029604619299275785,3
4:141948988-142632507,0.0,3
4:142656232-143241597,0.00030432715168806463,3
4:143274574-145390888,0.00020050125313283212,3
4:145396784-148091215,0.00019083969465648855,3
4:148098972-152558944,0.0011335164783294136,3
4:152569997-157221896,0.0,3
4:157228097-162174965,0.0,3
4:162205286-162321148,0.0,3
4:162347852-163724527,0.0,3
4:163764301-166540017,0.0,3
4:166559793-171072076,0.0,3
4:171088261-178331211,0.0,3
4:178373531-178507603,0.0010687805647578482,3
4:178531509-182779062,0.00011476041622061375,3
4:182828885-186804557,0.0015618818789665922,3
4:186810460-186843576,0.0,3
4:186862697-186942944,0.0,3
4:186950719-188875290,0.0,3
4:188886189-190844427,0.0011084399587506539,3
4:190887518-191025356,0.0,3
4:191037678-191046020,0.0,3
4:191062719-191134340,0.0,3
4:191144773-191165971,0.0010679757288836926,3
4:191191940-191311992,0.0,3
5:75149-90692,0.0,3
5:103093-277082,0.0006627445928343421,3
5:285775-706486,0.0,3
5:714149-719885,0.0,3
5:725942-745859,0.0011873340830674838,3
5:763494-786455,0.0019094862252225272,3
5:802518-826044,0.002744293222524339,3
5:837253-859176,0.0,3
5:873416-878290,0.0,3
5:916822-999736,0.0,3
5:1007442-2438174,0.0,3
5:2448553-4633545,0.0,3
5:4645911-6343008,0.0,3
5:6356267-9839414,0.0,3
5:9867745-12822565,0.0,3
5:12835355-15170666,0.00019890601690701149,3
5:15204662-17067228,0.00025098039215686274,3
5:17100908-17382633,0.0,3
5:17406393-17549618,0.00035663338088445074,3
5:17570523-17719479,0.0006149019607843137,3
5:17739874-17979702,0.0,3
5:18001755-18894305,0.0,3
5:18945305-20776045,0.0,3
5:20792335-21966989,0.0,3
5:21979223-22038375,0.0,3
5:22056803-26293381,0.0002506265664160401,3
5:26323047-30449516,0.0,3
5:30493484-32133136,0.0,3
5:32146491-32203336,0.0,3
5:32209048-34105512,0.0,3
5:34119335-34407822,0.0,3
5:34446079-35291657,0.00035005469604625734,3
5:35313005-36062965,0.0,3
5:36075592-36816672,0.0,3
5:36845462-39113391,0.0,3
5:39121212-41235739,0.0,3
5:41241052-41596520,0.0008091020406704949,3
5:41620761-43330593,0.0,3
5:43332656-44495322,0.0,3
5:44516010-44864831,0.0,3
5:44870238-45938397,0.0,3
5:49619946-49866980,0.0,3
5:49892983-49980085,0.0,3
5:49988952-50268244,0.0,3
5:50324634-51282261,0.0,3
5:51321507-51678728,0.0,3
5:51720583-51852968,0.0,3
5:51881238-54336548,0.0011201696085725537,3
5:54350373-55141379,0.0,3
5:55148225-57204282,0.0,3
5:57220729-57800810,0.0019447475793788482,3
5:57805582-58473974,0.0,3
5:58484078-60277014,0.0,3
5:60285997-62401952,0.0005124418188327961,3
5:62457701-65999278,0.0011019284787164337,3
5:66011537-68773114,0.00022425116130065674,3
5:68785515-68850823,0.0023394957187614644,3
5:69274433-70345552,0.0007972930852964635,3
5:70422297-70698794,0.0005595345830639952,3
5:70716278-70721505,0.0010972700377915338,3
5:70752359-71062539,0.0,3
5:71077546-89933522,0.0,3
5:89942176-93303306,0.0,3
5:93308740-93320336,0.0,3
5:93328253-96508341,0.0,3
5:96522323-96603723,0.0,3
5:96637773-98418818,0.0006952894142186685,3
5:98471909-100277629,0.0,3
5:100290917-104805236,0.0,3
5:104851801-108410768,0.0,3
5:108424581-119080004,0.0,3
5:119108165-125801997,0.0,3
5:125809649-131839536,0.0,3
5:131845023-140196482,0.0,3
5:140203440-140221835,0.0003173092178327781,3
5:140228321-140427074,0.0,3
5:140433878-142819410,0.0,3
5:142831583-149027600,0.0016261473053878425,3
5:149050787-150137980,0.0016301240157764862,3
5:150148732-150201145,0.0,3
5:150224239-152555267,0.0011037274419888944,3
5:152572508-153979903,0.0,3
5:154006451-157875296,0.0,3
5:157900279-159729154,0.004971568612187641,3
5:159735059-161722215,0.0006825706603168372,3
5:161749783-162958203,0.0,3
5:162999771-166652000,0.0,3
5:166676986-169967887,0.0009065537949145025,3
5:169983718-171644531,0.0,3
5:171653443-173359849,0.0006163328197226501,3
5:173368856-173702519,0.0003513725490196079,3
5:173739318-175537148,0.0,3
5:175563657-175907334,0.0,3
5:175923647-177416642,0.0,3
5:177429941-178551058,0.0,3
5:178560621-179290850,0.0,3
5:179309126-179400068,0.00035949285828919925,3
5:179411268-180184269,0.0,3
5:180342860-180362342,0.0,3
5:180379352-180644810,0.0002933171379085408,3
6:5839-85465,0.0007270492814122403,3
6:92884-125392,0.00016186587205238562,3
6:126550-142586,0.001581995292278212,3
6:146738-154410,0.0011623764969440934,3
6:204528-238441,0.00028302087923021157,3
6:252939-284743,0.0005283457494584456,3
6:295212-314420,0.0,3
6:315257-320890,0.0,3
6:334423-600935,0.0,3
6:611289-618999,0.002744236685279108,3
6:623776-634345,0.0,3
6:655129-1291357,0.0,3
6:1292057-1353261,0.0013338120338789441,3
6:1358498-1359129,0.0,3
6:1361599-1435871,0.0,3
6:1436117-1512043,0.00018788163457022076,3
6:1535319-2846224,0.0,3
6:2851182-4639919,0.0,3
6:4651403-4923955,0.0008319051522151299,3
6:4933188-6340443,0.0008912106802402167,3
6:6356121-7863271,0.0,3
6:7879466-9392103,0.001078554802012586,3
6:9450338-11338185,0.0,3
6:11346965-12462252,0.0,3
6:12512986-14535258,0.00039757271395689464,3
6:14553443-16323782,0.000681232492997199,3
6:16343597-18497312,0.0004136613190730838,3
6:18502918-18536678,0.0,3
6:18550170-19001738,0.004251220693090693,3
6:19049822-20716660,0.0028578106590132655,3
6:20726739-22048197,0.0005965312810693377,3
6:22060377-24236375,0.001752252630513667,3
6:24244934-26055528,0.0,3
6:26071233-26265245,0.0,3
6:26270597-27455236,0.0,3
6:27464061-28756233,0.00025003906860446946,3
6:28803010-29931073,0.0,3
6:29939288-29950805,0.0,3
6:29962849-30010234,0.0,3
6:30021894-30031367,0.0025203678565703757,3
6:30040917-30081128,0.00156048172090932,3
6:30100446-31385778,0.0001922152811148486,3
6:31395330-31558079,0.0012667805957584089,3
6:31564655-32119501,0.0,3
6:32123032-32519935,0.00179410074614517,3
6:32586131-32600962,0.0004349913223293083,3
6:32605300-32629848,0.00026824815792211723,3
6:32634044-32660090,0.0012483943467830176,3
6:32672983-32702995,0.0,3
6:32718991-32728487,0.00010626660415689944,3
6:32732764-32738443,0.00017615971814445117,3
6:32766023-32821094,0.0005064433892037881,3
6:32831879-35335888,0.0003432150671414476,3
6:35344147-37360148,0.0,3
6:37375174-39260751,0.0,3
6:39271467-39767959,0.0,3
6:39777677-40701218,0.0,3
6:40747924-42826227,0.002643953029566374,3
6:42836838-44732805,0.00033149480639471434,3
6:44758471-45096253,0.0,3
6:45107837-47047807,0.0,3
6:47058985-49231488,0.0,3
6:49256992-50627364,0.0,3
6:50659323-50928750,0.0006446520194711221,3
6:50933781-52204787,0.0001893043066729768,3
6:52211708-53295979,0.00035904163502036886,3
6:53306500-55847962,0.0005060088551549652,3
6:55859081-57298746,0.000607364897178384,3
6:57313842-57468298,0.0,3
6:57477427-57636798,0.0,3
6:57648021-58019711,0.0,3
6:58122432-58656267,0.0,3
6:58721961-58788688,0.0,3
6:62077839-62654445,0.0003542749173358526,3
6:62663640-63048821,0.0,3
6:63057692-64614816,0.001312981099724881,3
6:64633346-64705894,0.0,3
6:64750730-65951879,0.0,3
6:65983562-66231264,0.0,3
6:66247043-66553014,0.0,3
6:66559986-66839246,0.00042194092827004226,3
6:66872400-66895777,0.0011449325492909029,3
6:66949287-67633130,0.0009871488277762152,3
6:67665685-68602261,0.0,3
6:68631929-69110566,0.0,3
6:69133049-69809498,0.0012517972424143473,3
6:69820589-70731852,0.0,3
6:70738275-72163725,0.0,3
6:72170740-73920835,0.0,3
6:73930795-74768342,0.0011096756111982652,3
6:74827202-75616671,0.0,3
6:75632175-75961320,0.0,3
6:75968174-77079694,0.0,3
6:77126953-77532707,0.0007146950044277751,3
6:77558013-78882312,0.0,3
6:78930885-78983276,0.0,3
6:79035891-79079988,0.0007816750663983636,3
6:79101978-79133892,0.0013078049801213646,3
6:79161515-80141390,0.00036200308372997246,3
6:80170446-80661257,0.0,3
6:80681800-81065819,0.0,3
6:81088018-85574506,0.0,3
6:85623360-89090699,0.0,3
6:89106148-90015649,0.0,3
6:90034143-91964331,0.0,3
6:92035339-94502615,0.0,3
6:94517742-97817899,0.0010045718692335242,3
6:97827305-98245127,0.0,3
6:98260964-101072587,0.0,3
6:101081707-101714451,0.0008525951557093425,3
6:101760344-102800128,0.0,3
6:102825672-106012872,0.000870885015962736,3
6:106034811-106363651,0.0027103751646402412,3
6:106401543-108269233,0.002358337468503438,3
6:108294479-109435745,0.004142878999958594,3
6:109441576-110404222,0.001223320765708183,3
6:110408187-110448454,0.0,3
6:110490286-110621141,0.0009113638522042927,3
6:110630205-111025278,0.0,3
6:111038086-111980766,0.0,3
6:111990899-112201862,0.0,3
6:112208462-113294566,0.0008827198509324614,3
6:113313043-113625048,0.0,3
6:113685697-115481584,0.0,3
6:115539064-119256600,0.0,3
6:119263604-122326220,0.0029462585291661954,3
6:122354776-122673457,0.00028235294117647056,3
6:122710361-123097090,0.002114277320582761,3
6:123114345-125128655,0.001716472810581508,3
6:125139481-126167412,0.0,3
6:126178515-126234252,0.0,3
6:126241146-127397419,0.0,3
6:127419048-128608361,0.0017422127643144478,3
6:128614174-131296266,0.000971175883945699,3
6:131304839-132036965,0.0027594161094574472,3
6:132048194-133414796,0.00014071294559099437,3
6:133447975-135173194,0.0017615754957215853,3
6:135204537-135259324,0.0011016019031772656,3
6:135272442-135280233,0.000348595562110344,3
6:135286400-135498058,0.0012482557901209266,3
6:135520431-136095714,0.0012637240407261743,3
6:136159988-136555576,0.0035046335667722355,3
6:136561135-136680507,0.0,3
6:136687816-137521284,0.0006297732344093263,3
6:137534872-137928470,0.0,3
6:137982450-139107896,0.002294555307114342,3
6:139119957-139765820,0.0006193104436957928,3
6:139797732-140252392,0.0011213445378151262,3
6:140293024-140905063,0.0016793494698653212,3
6:140939171-142310445,0.00018770530267480057,3
6:142327743-142777918,0.0,3
6:142788191-144116578,0.0,3
6:144123196-146421012,0.0,3
6:146437674-146587408,0.0,3
6:146601815-147881278,0.0005019607843137256,3
6:147893082-148854440,0.0,3
6:148877116-148912262,0.0005570157213339935,3
6:148925597-149834816,0.0020024166151752284,3
6:149845177-151256488,0.0016251485935988108,3
6:151271304-151882964,0.0,3
6:151887510-151910707,0.0,3
6:151923886-152073221,0.0004291643086210151,3
6:152086678-152409827,0.0,3
6:152417607-153905878,0.00029296875,3
6:153949019-154030184,0.0004955175224123879,3
6:154071207-155530077,0.0,3
6:155536554-155990159,0.0010090029957011287,3
6:156012158-157939123,0.0,3
6:158040459-159976570,0.0005781846015650204,3
6:159987610-160117932,0.0013480006430911873,3
6:160123384-160978168,0.0,3
6:160990404-161026307,0.00119748972032816,3
6:161042057-162115988,0.0003464021413950559,3
6:162127431-162150671,0.0,3
6:162157607-165672936,0.0,3
6:165690639-165715368,0.0,3
6:165723211-168144188,0.0,3
6:168162397-168399709,0.0,3
6:168425370-169949536,0.0,3
6:169960900-170838662,0.0,3
6:170856656-170943103,0.0011705070310188222,3
7:140213-293548,0.0,3
7:294016-413795,0.0,3
7:461136-511452,0.0,3
7:513901-1288296,0.0006459861382141174,3
7:1298612-5058944,0.0003607162794692319,3
7:5087337-5134464,0.0,3
7:5143987-5560058,0.0,3
7:5568142-5872292,0.0,3
7:5880057-6557968,0.0023155838939869612,3
7:6613548-8499980,0.00031616293169263926,3
7:8511989-9779500,0.0,3
7:9788539-11165483,0.0,3
7:11177449-16121211,0.00028235294117647056,3
7:16130262-16173135,0.002026756158726865,3
7:16181027-19066529,0.0,3
7:19108591-21230532,0.0,3
7:21242540-23314039,0.0,3
7:23318666-25286039,0.00031933084166880734,3
7:25362742-25970530,0.0007083616186062984,3
7:25980628-29117278,0.0,3
7:29129313-31396001,0.000911722141823444,3
7:31405675-32503234,0.000506575742815392,3
7:32527033-33234186,0.0005652378709373527,3
7:33245804-34851233,0.0,3
7:34866533-36163174,0.0,3
7:36175211-38060725,0.0,3
7:38065862-38069416,0.0,3
7:38077657-38154547,0.00035494557501183145,3
7:38163197-38204539,0.0,3
7:38212614-38223575,0.0,3
7:38239756-38919072,0.0,3
7:38929655-39109161,0.0011447491238266328,3
7:39118870-39204387,0.0,3
7:39217737-40218063,0.0,3
7:40225102-41541560,0.0,3
7:41557485-42802384,0.0,3
7:42816449-42991793,0.0,3
7:43002620-45737633,0.0,3
7:45749583-50666812,0.0,3
7:50712505-53062228,0.0,3
7:53092720-54048050,0.0008513744898375336,3
7:54100285-55448490,0.0,3
7:55487428-56267830,0.0,3
7:56286058-57178083,0.0,3
7:57189719-57228014,0.0006539049728418499,3
7:57241696-57368798,0.0,3
7:57387971-57475215,0.0,3
7:57518513-61275990,0.0,3
7:61474815-61904815,0.0,3
7:61960303-63832523,0.0,3
7:63838146-64418872,0.0,3
7:64507748-64781804,0.0,3
7:64797061-65770140,0.0,3
7:65783655-66332092,0.0,3
7:66381837-66509869,0.0009097129437298581,3
7:66535305-69489375,0.0,3
7:69494643-69665338,0.0,3
7:69678101-71447664,0.0,3
7:71472355-71810554,0.0004509159229685298,3
7:71828766-73847634,0.0,3
7:73925321-75885407,0.0,3
7:75966125-76282075,0.0,3
7:76397166-82767743,0.0,3
7:82777861-82828298,0.0,3
7:82840568-92513815,0.0,3
7:92520803-99584483,0.0006925821335276138,3
7:99590278-106532636,0.0,3
7:106546263-110699102,0.0008457576579018708,3
7:110709136-111309563,0.0,3
7:111316232-112618049,0.0,3
7:112637687-118300098,0.0,3
7:118321912-120385289,0.0005568943984179576,3
7:120392104-127681019,0.0,3
7:127690967-127692104,0.0,3
7:127699224-127876072,0.0,3
7:127894166-129740582,0.0,3
7:129743562-133316602,0.0,3
7:133324563-138115143,0.0,3
7:138141688-140181133,0.000654024162457099,3
7:140201234-141189966,0.0,3
7:141214728-141245219,0.0,3
7:141259727-141457217,0.0,3
7:141470171-141494693,0.0,3
7:141511878-141518228,0.0,3
7:141527039-141549648,0.0,3
7:141555761-141922630,0.0,3
7:141932317-141947816,0.00034536722249204027,3
7:141965869-141978333,0.0,3
7:141989305-143302267,0.0,3
7:143321677-143391065,0.0009861140897304518,3
7:143526118-144834685,0.0,3
7:144874983-146711656,0.0003000468823253633,3
7:146722477-148987441,0.0,3
7:148993417-149247969,0.0,3
7:149312155-151330638,0.0005801119804344924,3
7:151340103-151554620,0.0005994043379973277,3
7:151563552-151568910,0.0,3
7:151573687-153083628,0.0,3
7:153097195-153297456,0.0,3
7:153306561-155956869,0.0,3
7:155969175-158427634,0.0,3
7:158528292-158617983,0.0,3
8:63810-90816,0.0007788247701584246,3
8:166452-181530,0.0,3
8:184617-808139,0.0004802684746320255,3
8:822927-1136619,0.0,3
8:1152551-2563316,0.0,3
8:2586264-3627077,0.0005864346705332689,3
8:3635646-4294791,0.0004276774040075532,3
8:4299996-4692082,0.0008322974815618383,3
8:4708444-5657660,0.0012880875239156073,3
8:5677578-5923347,0.0,3
8:5952862-6907624,0.0,3
8:7040596-7261418,0.0,3
8:7359040-7789937,0.0,3
8:8117271-8132139,0.0,3
8:8148437-11897919,0.00140637845199578,3
8:11903901-12448374,0.0003468157974595744,3
8:12511855-12602139,0.00031913196106590075,3
8:12623479-14185328,0.0,3
8:14193778-14291793,0.0,3
8:14298266-16315130,0.0010197481310679993,3
8:16373516-16668380,0.0,3
8:16701627-17310921,0.0,3
8:17316883-18940172,0.0,3
8:18983405-19153325,0.0015773508040347933,3
8:19181564-21447923,0.0,3
8:21490551-22657603,0.0014367236457261939,3
8:22663858-23132039,0.0,3
8:23137151-25096564,0.0005098800046472368,3
8:25114132-25774629,0.0,3
8:25782621-26587838,0.0,3
8:26613950-27431467,0.0,3
8:27439677-28182114,0.0,3
8:28208003-28538941,0.0,3
8:28568337-28877291,0.0006248999092510544,3
8:28883487-29205723,0.0,3
8:29233976-29264810,0.0,3
8:29281419-29430834,0.0,3
8:29497110-29571339,0.00025169104923706154,3
8:29592601-30101874,0.0010769346058553072,3
8:30109992-30278937,0.00019038553069966686,3
8:30302476-30776804,0.00034826870269908256,3
8:30786432-30939857,0.0,3
8:30952516-31295499,0.002276913933115774,3
8:31336091-31896351,0.0,3
8:31906730-32154763,0.0,3
8:32161837-32407642,0.0,3
8:32418860-32553445,0.0,3
8:32567438-32617200,0.00028341993386868207,3
8:32625061-32786232,0.000621594655444465,3
8:32812909-32947324,0.0,3
8:32962484-33337952,0.0,3
8:33344787-34072415,0.0,3
8:34104577-34785140,0.0013375013430363672,3
8:34801779-34987140,0.00018832391713747646,3
8:35005401-35166837,0.0,3
8:35204286-35426691,0.0,3
8:35453083-35676140,0.0,3
8:35694285-35751327,0.0,3
8:35761900-35857879,0.0,3
8:35875555-36133992,0.0,3
8:36153626-36327657,0.0002519288301054952,3
8:36347029-36416687,0.0011832194780171657,3
8:36426253-36481039,0.0013333839730985985,3
8:36512939-36612488,0.0003529411764705882,3
8:36627162-36673994,0.00111678683646593,3
8:36719696-36769058,0.0,3
8:36779836-36973293,0.0,3
8:37028146-37290782,0.0,3
8:37317937-37617735,0.00018876828692779613,3
8:37636761-37737912,0.0,3
8:37746286-37882239,0.0,3
8:37896364-38162018,0.0,3
8:38168564-38303346,0.0,3
8:38313929-38522146,0.0,3
8:38534092-38573218,0.0,3
8:38599339-38743232,0.0006074988134788798,3
8:38750609-38784733,0.0,3
8:38796308-39003321,0.0018149662316570198,3
8:39013480-39080885,0.0,3
8:39094753-39268591,0.0,3
8:39281207-39333915,0.0,3
8:39356595-39363050,0.0008325098744094147,3
8:39368509-39505256,0.0,3
8:39535655-39813797,0.002327788636526637,3
8:39824552-39841148,0.0,3
8:39870841-39957091,0.0008407848967013185,3
8:39962335-40121328,0.0013388098387770054,3
8:40125478-40131470,0.0006606890042472866,3
8:40137595-40540201,0.0,3
8:40546119-41025130,0.002683376307670018,3
8:41074444-41272917,0.0017080516417093147,3
8:41279137-41562453,0.0,3
8:41575958-42118548,0.0003720683011095606,3
8:42123757-42175380,0.001749012473542157,3
8:42191493-42325689,0.0005009257272720048,3
8:42333867-42484474,0.0010963455149501661,3
8:42492780-42651517,0.00025288446341077914,3
8:42663013-42899872,0.0007327641683469903,3
8:42917603-43133142,0.001245164875676092,3
8:43143792-43155815,0.000656254929799653,3
8:43167926-43254441,0.0,3
8:43264404-43419507,0.00032899615721701596,3
8:43452736-43515874,0.0009437889380445627,3
8:47575650-47718854,0.0,3
8:47740011-48934830,0.0001701829466676679,3
8:48952907-49214104,0.0012725704698400666,3
8:49291873-50106229,0.0,3
8:50133866-50469104,0.0014768414095985888,3
8:50522918-51919678,0.0,3
8:51970684-53247541,0.0008604206500956021,3
8:53262924-54668893,0.0,3
8:54691654-55840039,0.0009956100139466067,3
8:55862289-56770315,7.610262952029713e-05,3
8:56798074-58669985,0.0,3
8:58694882-59488208,9.08658214702955e-05,3
8:59494642-60065639,0.0,3
8:60072685-60895610,0.0,3
8:60942453-61985710,0.0,3
8:62009253-64404832,0.0006234114807914686,3
8:64430407-65154750,0.0,3
8:65175271-67640344,0.0,3
8:67648789-68228875,0.0,3
8:68236561-69486500,0.0,3
8:69491717-69596562,0.0,3
8:69601839-71105403,0.0,3
8:71114730-72584340,0.0,3
8:72600927-73538243,0.000941619585687382,3
8:73566583-74092303,0.0,3
8:74108126-74822651,0.0011917199235188904,3
8:74834389-76915325,0.00018841262364578424,3
8:76956931-78656441,0.00186358674973838,3
8:78683881-80171898,0.0,3
8:80201442-82469298,0.0,3
8:82493004-83964171,0.0,3
8:83989363-86575296,0.0,3
8:86580354-86725974,0.0,3
8:86741736-88440494,0.0,3
8:88445621-88492810,0.0,3
8:88534367-91007791,0.0,3
8:91015577-92330975,2.837873931623956e-05,3
8:92340223-94807075,0.0,3
8:94809183-96249780,0.0,3
8:96256921-97415885,0.0,3
8:97415915-97633935,0.0,3
8:97639200-98703368,0.0001806124668312859,3
8:98721543-100441109,0.0,3
8:100449572-100905868,0.0,3
8:100916665-101800174,0.00019295706705258078,3
8:101808084-102428770,0.0,3
8:102442641-103122693,0.00021919524033192427,3
8:103130143-104962929,0.0006100602172537807,3
8:104974429-105842700,0.0,3
8:105857203-107203129,0.0,3
8:107262122-107851240,0.000628988583636091,3
8:107865666-108926406,0.0,3
8:108963119-110219485,0.00025098039215686274,3
8:110237460-111332167,0.0011837567427188632,3
8:111366937-112386078,0.0,3
8:112428669-113232393,0.0,3
8:113259394-114138964,0.0,3
8:114153939-114208361,0.0,3
8:114214217-115827427,0.0002506265664160401,3
8:115852788-116921245,0.00020238903388751349,3
8:116969946-117894149,0.000633999991291209,3
8:117915188-119933236,0.0,3
8:119955970-120250296,0.00010437868587234494,3
8:120266140-121155354,0.0,3
8:121164402-122030584,0.0,3
8:122056726-122518495,0.0,3
8:122563718-123364225,0.0008233581953259308,3
8:123393035-123990378,0.00035083103100469227,3
8:123998961-124006623,0.0,3
8:124015208-124217100,0.0,3
8:124226195-125428423,0.0,3
8:125436684-125595512,0.0,3
8:125614708-126552359,0.0,3
8:126589494-127668868,0.0002553055688527206,3
8:127689556-127938480,0.0,3
8:127952070-128717669,0.0,3
8:128767860-128892972,0.0,3
8:128905144-129748492,0.0,3
8:129784096-131534968,0.0008429503261414957,3
8:131578988-133842009,0.0,3
8:133850058-135582453,0.0,3
8:135587578-136878332,0.0010918191772250894,3
8:136914379-137301071,0.00035316190265975066,3
8:137337404-139849337,0.0,3
8:139857344-140647674,0.0,3
8:140666163-142443623,0.0,3
8:142452855-143775535,0.0,3
8:143780031-144945861,0.0,3
8:144953439-145949490,0.0,3
8:145962567-146264846,0.0005631159080244015,3
9:153131-194193,0.00035375462292973147,3
9:210253-528529,0.0,3
9:533322-559898,0.0,3
9:561049-564737,0.0,3
9:577359-779786,0.0,3
9:795606-1081643,0.0,3
9:1091407-1133457,0.0,3
9:1140019-1140037,0.0,3
9:1189217-1299415,0.0003553863239727115,3
9:1308165-1310587,0.0,3
9:1330131-5289937,0.0,3
9:5298149-5330015,0.0,3
9:5338569-6623341,0.0,3
9:6631759-6684944,0.0,3
9:6704941-7263688,0.0,3
9:7319454-7723767,0.0,3
9:7751878-10013842,0.001178359501125526,3
9:10026427-12104238,0.00034461152882205514,3
9:12137751-13585855,0.0,3
9:13628428-14053079,0.0,3
9:14064086-15257912,0.0,3
9:15263240-15413878,0.0,3
9:15423811-15597236,0.0,3
9:15605655-17354927,0.0,3
9:17369886-19203822,0.0,3
9:19218097-20705351,0.0,3
9:20707840-21648291,0.0,3
9:21698371-22292223,0.0,3
9:22316165-24603645,0.0,3
9:24667137-24827828,0.0,3
9:24873989-25144678,0.0003528014190167781,3
9:25195505-25969531,0.0,3
9:26005964-27229184,0.0003104212860310419,3
9:27239620-29186207,0.0013103327920181956,3
9:29209997-30086705,0.0,3
9:30134402-30542335,0.0,3
9:30556050-32349951,0.0,3
9:32358928-33474125,0.0,3
9:33485659-33598877,0.0005328296445365698,3
9:33611015-33938574,0.0006670835939128621,3
9:33947741-34651900,0.0,3
9:34654682-35861568,0.0,3
9:35872626-36409434,0.00019074868860276587,3
9:36418729-37260341,0.0001948368241597662,3
9:37266871-37926418,0.0005841758947199487,3
9:37932049-38449475,0.0,3
9:38461231-38526930,0.0009376465072667605,3
9:38561787-38731378,0.0,3
9:38805416-39141696,0.0,3
9:39157302-39244329,0.0013356408055117056,3
9:39355550-40238048,0.0003378695448146411,3
9:40361684-40520747,0.0,3
9:42913008-43066618,0.001108419478414352,3
9:43094089-43410478,0.0005350131595978772,3
9:43474997-43808233,0.0,3
9:43948886-45739077,0.0,3
9:64150817-67731038,0.0,3
9:67935857-68151359,0.0,3
9:68214035-68262872,0.0,3
9:68272869-68962739,0.0,3
9:68968205-69600620,0.0,3
9:69611393-72870675,0.0,3
9:72888295-74779332,0.0004517647058823529,3
9:74787860-84766822,0.0,3
9:84778612-93377703,0.0,3
9:93384891-96903882,0.0,3
9:96913301-97624504,0.0,3
9:97648060-99770540,0.0,3
9:99783218-100123514,0.0,3
9:100128607-106760490,0.0,3
9:106765931-108896962,0.0,3
9:108902584-110081531,0.0,3
9:110086022-110100386,0.0002501563477173234,3
9:110104594-110108926,0.0,3
9:110114139-110140372,0.0,3
9:110146245-111841975,0.0,3
9:111858941-112900683,0.0003350653440403086,3
9:112934221-116260183,0.0,3
9:116267033-121337857,0.0020321351333317176,3
9:121348401-124114869,0.0,3
9:124123036-126222935,0.0,3
9:126228345-127455560,0.0010546518726046038,3
9:127464418-128556718,0.0010624691581820197,3
9:128565432-128681509,0.0,3
9:128686793-128927098,0.0005792571756003538,3
9:128931631-129861947,0.00033558806564941527,3
9:129874601-131489732,0.0,3
9:131502208-132291494,0.0009862817704989174,3
9:132301378-132954430,0.0,3
9:132969083-132993751,0.0,3
9:133002701-133023225,0.0,3
9:133035531-133066438,0.0033617994072734515,3
9:133074692-135395614,0.0,3
9:135420807-136797906,0.0,3
9:136812271-138270560,0.0,3
9:138275716-138301699,0.0003568991759827849,3
9:138308975-138397892,0.0011402791332545473,3
10:115544-371707,0.0,3
10:377954-2223419,0.0,3
10:2235932-2639937,0.0,3
10:2654619-3125483,0.0,3
10:3135278-3168952,0.0,3
10:3183516-4945256,0.0,3
10:4952746-6573717,0.0012188561388219584,3
10:6579026-7644640,0.0,3
10:7653937-9348858,0.0,3
10:9361040-9629930,0.0,3
10:9658369-9708434,0.0003434520992495436,3
10:9727172-14033998,0.0,3
10:14046295-16112625,0.0,3
10:16134020-16227462,0.0,3
10:16276793-18410505,0.0,3
10:18433402-19850716,0.0,3
10:19867386-21854463,0.0,3
10:21859872-21874211,0.0,3
10:21880427-21920526,0.0,3
10:21928812-21946060,0.0,3
10:21952689-23781530,0.0,3
10:23795026-27363056,0.0,3
10:27375620-30712263,0.0,3
10:30725615-30748387,0.0,3
10:30759425-31037306,0.0,3
10:31047787-31264972,0.0005676690677772724,3
10:31273168-33447752,0.0,3
10:33471382-35007483,0.0,3
10:35015198-37129260,0.0,3
10:37153306-37598792,0.0,3
10:37642247-37726105,0.0005948587210537496,3
10:37774262-38563575,0.0006625650733554188,3
10:38596435-38781788,0.0003565027214575837,3
10:41927641-42057554,0.0,3
10:42150759-42175348,0.0,3
10:42209250-42289771,0.0,3
10:42296956-43049635,0.0,3
10:43064095-43509699,0.0,3
10:43530543-44610674,0.0,3
10:44629442-45468415,0.0,3
10:45478103-45534651,0.0,3
10:45554717-46371243,0.0,3
10:46396163-46568496,0.0002501563477173234,3
10:47010385-47161232,0.0,3
10:47735472-47954413,0.0,3
10:47970511-48018420,0.0,3
10:48026472-48932353,0.0003553285400993811,3
10:49060081-50721556,0.0,3
10:50764988-51264997,0.0,3
10:51306200-51581040,0.0,3
10:51672831-54212972,0.0,3
10:54223740-55344624,0.0,3
10:55351133-55782605,0.0,3
10:55795426-58408695,0.00025098039215686274,3
10:58432737-60103148,0.0,3
10:60125080-63239913,0.0,3
10:63282635-64126023,0.0,3
10:64146695-66004965,0.0,3
10:66018580-66423604,0.0,3
10:66455837-67974175,0.00106657290201594,3
10:67988973-68108381,0.001054466230936819,3
10:68119528-71002959,0.0,3
10:71007045-72336589,0.0,3
10:72351591-73557841,0.0,3
10:73562944-74435007,0.0,3
10:74443947-75714437,0.0,3
10:75723268-76725804,0.0,3
10:76752186-78419088,0.0,3
10:78427308-79275280,0.0003630252100840336,3
10:79281452-80128812,0.0,3
10:80171515-81855271,0.0,3
10:81863113-82109833,0.0,3
10:82117433-83642137,0.00018770530267480057,3
10:83652547-83913217,0.0,3
10:83919871-84654324,0.0,3
10:84660716-86792698,0.0,3
10:86833369-87732633,0.0,3
10:87744912-88215734,0.0,3
10:88223706-88285075,0.0006432591798445458,3
10:88305288-88563503,0.0,3
10:88568946-88858473,0.00033003300330033,3
10:88896882-89199763,0.0,3
10:89253592-89696646,0.0,3
10:89707445-89727363,0.0,3
10:89773041-90752756,0.0,3
10:90757542-94284487,0.0,3
10:94291120-95206619,0.0,3
10:95214665-96111677,0.0,3
10:96121352-99263776,0.0,3
10:99269123-100184436,0.0,3
10:100190489-101372472,0.0,3
10:101383038-102927052,0.0,3
10:102947788-104628575,0.0,3
10:104637614-109744576,0.0,3
10:109761901-116039462,0.0,3
10:116046370-117201777,0.0,3
10:117210751-120581888,0.0,3
10:120640095-121305847,0.0,3
10:121316515-123035589,0.0008331646309917448,3
10:123051158-123681745,0.0,3
10:123692335-124297847,0.0,3
10:124304514-125547604,0.0003176115610608226,3
10:125556658-126695384,0.0,3
10:126700842-127563278,0.0,3
10:127578239-127603523,0.0,3
10:127612803-128762972,0.0,3
10:128768254-130349842,0.00018832391713747646,3
10:130385362-130850960,0.0,3
10:130867848-131835039,0.0,3
10:131846251-134401563,0.0,3
10:134408050-135054576,0.0,3
10:135057540-135105007,0.0,3
10:135120942-135123668,0.0,3
10:135142920-135266354,0.0,3
10:135291410-135316513,0.0,3
10:135324914-135395562,0.0007381512605042015,3
11:182372-223502,0.0,3
11:234177-263286,0.0,3
11:270778-293829,0.0005288494135195607,3
11:297092-3320321,0.0,3
11:3327942-5733442,0.0,3
11:5742476-5762182,0.0,3
11:5777496-5838945,0.0,3
11:5849760-5891661,0.00044989087468367064,3
11:5906060-7757329,0.0009382894261999278,3
11:7762277-7797993,0.0,3
11:7803570-10028138,0.0,3
11:10046146-11172422,0.0029642436606823613,3
11:11183773-12966647,0.001517688465456033,3
11:12983832-14255839,0.0005695301376364499,3
11:14272534-15231551,0.0011522267335923736,3
11:15253180-15787974,1.9295706705258008e-05,3
11:15925810-16521314,0.0,3
11:16532712-18443734,0.0,3
11:18447860-19551133,0.0,3
11:19570565-20098137,0.001562864153830163,3
11:20113144-21887299,0.002072947845816982,3
11:21926331-24388057,0.0,3
11:24432855-25844571,0.0007379595392809175,3
11:25875088-29151737,0.0,3
11:29167359-31313660,0.0,3
11:31323535-31998955,0.0,3
11:32019726-32772242,0.0007149101505585236,3
11:32782710-32814911,0.0,3
11:32828281-33509097,0.00018876828692779613,3
11:33522261-34288349,0.0,3
11:34294135-34457136,0.0,3
11:34467657-35519709,0.0,3
11:35541828-35816070,0.0,3
11:35835578-36414926,0.0,3
11:36423103-37398955,0.0,3
11:37466023-37830303,0.0005048114844612714,3
11:37873219-38519214,0.0,3
11:38560995-38781628,0.0,3
11:38824655-40515667,0.0,3
11:40525781-41641283,0.0006624893035581194,3
11:41674896-41967473,0.0,3
11:41982016-43404918,0.0,3
11:43414253-44588217,0.0,3
11:44598006-46364566,0.0,3
11:46368437-47509993,0.00048104720275677043,3
11:47517219-48452638,0.0,3
11:48475465-48621072,0.0,3
11:48953023-49891798,0.0,3
11:49905029-50188427,0.00043268093161613093,3
11:50198508-50337734,0.0,3
11:51244499-51381908,0.00028315243039169424,3
11:54789837-54807283,0.0,3
11:54836429-55118214,0.0005180870875340726,3
11:55124730-55194990,0.0,3
11:55200744-55207305,9.376465072667605e-05,3
11:55225136-55598948,0.0006521296107601386,3
11:55607240-56294614,0.0011960488487886048,3
11:56304321-56600048,0.0,3
11:56638774-57008990,0.0009791959956202097,3
11:57020510-57237001,0.0,3
11:57242600-57277614,0.0012094595230606278,3
11:57286051-57442914,0.0,3
11:57452577-57968617,0.0,3
11:57986437-58424388,0.0,3
11:58439169-58548776,0.0,3
11:58566389-58626432,0.0,3
11:58634869-58924165,0.0,3
11:58938579-59160725,0.0,3
11:59166822-59175539,0.0,3
11:59180249-59841891,0.0,3
11:59855395-59984619,0.00039142007202129324,3
11:59990167-60725222,0.0003125955152963404,3
11:60770870-61052710,0.00035757480149340077,3
11:61058999-61084614,0.0,3
11:61100691-61334109,0.0,3
11:61339118-61799979,0.0004404593361648576,3
11:61808121-61920836,0.0,3
11:61927382-62259438,0.0,3
11:62264206-62741497,0.0,3
11:62753087-62867246,0.0,3
11:62878222-63605370,0.0,3
11:63611130-63816734,0.0,3
11:63819511-64238843,0.0,3
11:64244252-64294476,0.0,3
11:64300466-64653446,0.0,3
11:64658962-64948808,0.001313119044978728,3
11:64957546-65658835,0.00034937271716690483,3
11:65669021-65808620,0.0,3
11:65812482-65996469,0.0008409728355651205,3
11:66003527-66153613,0.0,3
11:66160840-66454365,0.0,3
11:66460753-66511737,0.0015210710006771893,3
11:66520903-66704162,0.0009941476747698094,3
11:66720993-66789254,0.0,3
11:66798759-66847778,0.0,3
11:66868347-67229707,0.00036387645082933714,3
11:67267798-67414758,0.0007917780923915893,3
11:67520412-67594726,0.0,3
11:67605478-67631958,0.0011551077641911477,3
11:67644597-67786891,0.0,3
11:67790584-68061824,0.00045433033601514433,3
11:68072142-68138080,0.0,3
11:68142018-68367037,0.0,3
11:68378245-68528459,0.0,3
11:68533317-68599238,0.0003284842796809009,3
11:68612498-68684682,0.0,3
11:68740184-68819585,0.0006611869664651404,3
11:68821295-68894909,0.0,3
11:68913061-68943548,0.0,3
11:68972488-69191919,0.0,3
11:69195212-69339332,0.0,3
11:69350103-69357380,0.0,3
11:69370206-69697125,0.0003528670447385004,3
11:69703427-69736816,0.00032714352751893794,3
11:69744088-69954921,0.0,3
11:69968689-69976020,0.0,3
11:69985851-70035066,0.0,3
11:70057157-70076174,0.0,3
11:70081658-70105050,0.0,3
11:70110393-70189261,0.0,3
11:70200628-70313623,0.0,3
11:70324966-70478958,0.0,3
11:70490787-70505018,0.0,3
11:70519863-70552702,0.0004400163089810594,3
11:70562838-70610269,0.0,3
11:70626984-70748178,0.0,3
11:70761494-70971958,0.0,3
11:71081930-71292433,0.0,3
11:71305189-71377650,0.0013397464248857442,3
11:71381835-71406223,0.0,3
11:71413035-71844216,0.0,3
11:71861247-72016501,0.0,3
11:72020024-72414605,0.0,3
11:72423248-72504176,0.0,3
11:72510987-73119430,0.0,3
11:73133700-73543893,0.0,3
11:73550091-73719108,0.0,3
11:73731262-73769533,0.0005639480913138205,3
11:73782850-73789372,0.0,3
11:73803134-74080304,0.0,3
11:74087184-74239789,0.00147252131109551,3
11:74251633-74766176,0.0,3
11:74773664-74787471,0.0,3
11:74793604-75303124,0.0,3
11:75315081-76186622,0.0,3
11:76195288-76242978,0.0,3
11:76252638-76364917,0.0007996990583208743,3
11:76374332-76586638,0.0007171445553948631,3
11:76603764-76734446,0.0,3
11:76744346-76847285,0.0009411764705882353,3
11:76858917-77204725,0.0,3
11:77212743-77275058,0.0,3
11:77295422-77867327,0.0,3
11:77881751-77985428,0.0,3
11:78005966-78127149,0.0,3
11:78137964-78627898,0.0,3
11:78706656-79810606,0.0,3
11:79858760-79974644,0.0,3
11:80023540-80218800,0.0,3
11:80263397-80790766,5.7061340941512206e-05,3
11:80814746-81363283,0.0,3
11:81383435-82269855,0.00035032404974601514,3
11:82288127-82586347,0.0009855946569002185,3
11:82599955-82867442,0.0,3
11:82872781-83724262,0.0,3
11:83733321-85064586,0.0,3
11:85072899-86462145,0.000569534610123522,3
11:86480032-87537774,0.0,3
11:87543609-88241579,0.00037604602014803027,3
11:88252273-89296560,0.0,3
11:89400624-89482692,0.0,3
11:89496302-95731868,0.0,3
11:95737778-98627006,0.0,3
11:98637002-101368726,0.0,3
11:101380957-101972052,0.0,3
11:101977732-103163021,0.0006394525719679092,3
11:103179669-103605605,0.0,3
11:103640528-105452607,0.0,3
11:105458461-107398356,0.0007642135642135635,3
11:107409719-109050102,0.0005695301376364499,3
11:109089452-114667900,0.0,3
11:114680825-118110180,0.0,3
11:118115430-118362161,0.0,3
11:118366070-119578429,0.00030519790176442534,3
11:119588838-124295965,0.0,3
11:124303180-130667119,0.0003266861770911319,3
11:130687277-132596928,0.00039551450594395396,3
11:132606436-134432265,0.0007659167065581618,3
12:33854-83748,0.0,3
12:85118-207283,0.0,3
12:215726-229742,0.0,3
12:232017-397918,0.0,3
12:412868-427816,0.0,3
12:435020-444988,0.00034726374770225726,3
12:456875-5263685,0.0,3
12:5291289-5981041,0.0,3
12:5997138-7884886,0.0,3
12:7894681-7915622,0.0,3
12:7930382-8009244,0.0003958093683129862,3
12:8036400-9432943,0.0001878816345702208,3
12:9528590-9585156,0.0,3
12:9633884-10453531,0.0,3
12:10464018-10484956,0.0,3
12:10497371-11375835,0.0,3
12:11404653-11430887,0.00011560693641618491,3
12:11466807-11787795,0.0001577424551069508,3
12:11793290-12143159,0.0,3
12:12157656-12837059,0.0009527349447063987,3
12:12841194-13391483,0.0,3
12:13400916-14672807,0.0004569252736792004,3
12:14687682-16233431,0.0,3
12:16240722-18159238,0.0,3
12:18180985-19318702,0.0003996003996003996,3
12:19331630-23785007,0.0001942690626517727,3
12:23801758-24366747,0.0,3
12:24380594-28301386,0.0,3
12:28309807-28575307,0.0,3
12:28593352-29337422,0.0002915451895043731,3
12:29347838-30203709,0.0,3
12:30244358-31026604,0.0,3
12:31033856-31162891,0.0,3
12:31173065-31257959,0.0005957819393592506,3
12:31265652-31284231,0.0,3
12:31314993-31483451,0.0,3
12:31496395-33246666,0.0,3
12:33270966-34647417,0.0005940981043580226,3
12:36160215-36244407,0.0005655708731000355,3
12:36739877-36991812,0.0,3
12:36995792-37989676,0.0007337295472888693,3
12:37995224-38184617,0.0026352166986677384,3
12:38208886-39136437,0.0,3
12:39143365-39187593,0.0,3
12:39197961-41841971,0.0,3
12:41865312-42212198,0.00035256627567970716,3
12:42221157-42337973,0.0003640218049666868,3
12:42372231-42738343,0.0007805095612421253,3
12:42744201-43936926,0.001391057580987678,3
12:43945081-44919712,0.0,3
12:44923991-45851001,0.0006525490196078429,3
12:45861893-47611599,0.0006078147612156296,3
12:47616812-49288718,0.0012446744334056762,3
12:49299695-51238169,0.0,3
12:51241859-52425218,0.0019788003451185164,3
12:52473664-54879669,0.0003203588018580811,3
12:54887816-57494566,0.0008233495181272881,3
12:57531034-59041688,0.0,3
12:59087176-60039028,0.00025027373689973407,3
12:60060494-62081511,0.0012320398285856078,3
12:62137202-62802242,0.0,3
12:62807597-63330914,0.0006934622600663879,3
12:63340667-63566937,0.0,3
12:63574243-64694907,0.00033324228352909027,3
12:64727853-66012212,0.0013270137104969082,3
12:66035532-66948440,0.0,3
12:66954549-67332062,0.0,3
12:67337260-68268028,0.0,3
12:68281534-69298703,0.0,3
12:69315717-70369674,0.0,3
12:70379430-70453985,0.0028988861139859034,3
12:70462057-70560603,0.0009720403649838151,3
12:70574871-71644041,0.0025367722677590186,3
12:71710336-71905426,0.0,3
12:71924238-72624978,0.0,3
12:72645832-73204852,0.0,3
12:73217711-73482351,0.0011602934203553397,3
12:73523915-74655845,0.0,3
12:74674175-74721164,0.0026669735715465675,3
12:74728500-75387573,0.0009589836360710907,3
12:75396411-75693696,0.0,3
12:75706042-77012738,0.00213727694293767,3
12:77023447-82859962,0.001225662806597209,3
12:82881635-83804633,0.0002807780268550597,3
12:83810013-84520659,0.0027880508678348502,3
12:84542006-85443011,0.0017774808154663274,3
12:85450052-85962613,0.00382401061056613,3
12:85986743-87258350,0.0009397724889554143,3
12:87329145-88538415,0.0006351180353783844,3
12:88551907-88910171,0.0005626035218240196,3
12:88953160-90674492,0.0,3
12:90696859-92322330,0.0008494572911750826,3
12:92329775-94134731,0.001525663716928609,3
12:94141519-97140822,0.00262510657802762,3
12:97156507-97840955,0.0008035674864232417,3
12:97852156-98629015,0.0,3
12:98643996-98870746,0.0,3
12:98887240-100375665,0.002041411764705882,3
12:100382347-103227744,0.0,3
12:103235991-103497565,0.0,3
12:103505239-106694172,0.0007511032498972677,3
12:106729888-108471654,0.0009940016478143347,3
12:108480224-109587365,0.0,3
12:109602873-110653727,0.00028260047633634996,3
12:110662242-112909433,0.0,3
12:112932396-115188305,0.0005236305048335123,3
12:115213387-117427044,0.00019056693663649358,3
12:117482117-118187418,0.0,3
12:118207306-121211562,0.000909785011050834,3
12:121214709-125790293,0.0015185232358107623,3
12:125830721-127205204,0.00229432105377371,3
12:127229464-129598126,0.0,3
12:129603441-130143269,0.0,3
12:130156193-130810857,0.0,3
12:130823010-132389367,0.0,3
13:5179-123882,0.0,3
13:18194527-18354969,0.0,3
13:18402053-18790922,0.00035422201385633184,3
13:18800416-19254966,0.0,3
13:19260103-19531662,0.0,3
13:19539095-20627782,0.0,3
13:20633975-20649522,0.00032292167227294564,3
13:20654707-21206326,0.0,3
13:21261016-23202349,0.0,3
13:23214658-23713317,0.0,3
13:23720843-25632309,0.0,3
13:25640645-26099131,0.0003545544606079567,3
13:26114530-26711465,0.0,3
13:26717910-27327959,0.0,3
13:27343854-27397290,0.0,3
13:27404234-29085569,0.0,3
13:29128099-30609461,0.0,3
13:30623020-31761730,0.0008518693800283957,3
13:31768319-33387727,0.0,3
13:33392362-33669143,0.0,3
13:33699769-34223960,0.0003266861770911319,3
13:34246000-36189294,0.0,3
13:36198054-40789054,0.0,3
13:40795287-41378403,0.0,3
13:41384251-42045671,0.0,3
13:42053349-45262389,0.0022033252308885903,3
13:45269295-47682284,0.0,3
13:47691104-47937120,0.0,3
13:47948924-51937853,0.0005098027196289373,3
13:51943586-52065165,0.0005415629226819777,3
13:52072865-52628327,0.0,3
13:52653413-54815215,0.0011638330553197932,3
13:54857465-56596626,0.0,3
13:56602818-56610886,0.00033898305084745765,3
13:56645552-56673183,0.0,3
13:56770498-59473015,0.0,3
13:59478364-59545463,0.0007460711865500659,3
13:59551837-62339014,0.0012743442043108564,3
13:62380464-63593790,0.0,3
13:63637310-66729432,0.0019169321118372668,3
13:66749878-67487718,0.0,3
13:67522431-69041225,0.0,3
13:69055547-69699416,0.0,3
13:69741181-71934199,0.0,3
13:71966568-72723325,0.0,3
13:72745928-73112108,0.0,3
13:73137009-77218661,0.0,3
13:77224204-78743491,0.0003409644422795908,3
13:78769550-84422970,0.0,3
13:84451123-87878353,0.0,3
13:87900787-89348492,0.0,3
13:89370077-90822317,0.0,3
13:90833810-92615068,0.0,3
13:92654560-93502798,0.0,3
13:93513108-95399913,0.0,3
13:95405316-97851786,0.0,3
13:97862194-98405672,0.0,3
13:98419519-106107051,0.0003020292590844738,3
13:106116697-109738959,0.00016870993139129467,3
13:109743699-110348566,0.0003515651409640999,3
13:110356442-112440743,0.0,3
13:112445277-113373747,0.0002524057422306357,3
13:113474906-113657214,0.00025169104923706154,3
13:113758453-114123862,0.0,3
14:18149473-18537177,8.784313725490206e-05,3
14:18624383-19090564,0.00047915599989769116,3
14:19154992-19216369,2.868162639917274e-05,3
14:19268776-19330937,0.0008276057546175862,3
14:19350230-19397709,0.0009843652282676679,3
14:19402284-19490630,4.0184850311432655e-05,3
14:19505698-19515781,0.0,3
14:19535787-19582682,0.0,3
14:19587326-19656133,0.0,3
14:19665289-19995996,0.0,3
14:19997548-20406205,0.0,3
14:20418299-20477376,0.0,3
14:20490129-20705560,0.0,3
14:20722830-21262184,0.0,3
14:21270813-21347112,0.0,3
14:21354507-21412148,0.0,3
14:21420105-21448635,0.00014009564221728312,3
14:21464924-21511829,0.0005355367988002078,3
14:21518235-22000194,0.0014339004773121975,3
14:22022060-22034704,0.0,3
14:22046097-22052799,0.0,3
14:22066142-22237533,0.0,3
14:22259312-22545671,0.0,3
14:22554737-22735063,0.0,3
14:22765734-23911039,0.00034799420009666516,3
14:23921546-23927104,0.0,3
14:23931880-24238252,0.0,3
14:24282704-24913400,0.0,3
14:24937976-25845033,0.0007165027254898931,3
14:25879379-25966458,0.0006069744950611823,3
14:25973380-28628763,0.0,3
14:28684841-28703627,0.00013808975834292306,3
14:28746840-29596749,0.0009500882683357403,3
14:29606446-30197701,0.0,3
14:30209271-30636982,0.0,3
14:30644343-31109495,0.0005861726068979954,3
14:31126706-31187358,0.0006430442137062047,3
14:31196070-31906596,0.0,3
14:31916282-32600189,0.0,3
14:32610323-34077415,0.0003435393137802207,3
14:34090931-34754302,0.0,3
14:34765550-35332809,0.0009874638440422396,3
14:35347136-36478421,0.0012589370436322655,3
14:36483547-37475298,0.00018770530267480057,3
14:37489099-37598648,0.0011689863899493078,3
14:37627931-38890108,0.0,3
14:38908039-40550969,0.0,3
14:40566575-40779816,0.0,3
14:40812969-41461134,0.00031616293169263926,3
14:41479353-42064713,0.0,3
14:42076777-43555063,0.0,3
14:43571616-44101105,0.0002769588135441795,3
14:44127847-46166974,0.0,3
14:46180088-47520893,0.0,3
14:47562066-48555636,0.0008130081300813012,3
14:48586397-48763420,0.0,3
14:48795558-49374177,0.0016331776207047083,3
14:49379507-49689536,0.0,3
14:49695963-50378758,0.0010052927781727511,3
14:50389482-50946632,0.001550309554849077,3
14:50969091-50997672,0.0005835294117647063,3
14:51010758-52051333,0.0,3
14:52064745-52660995,0.0,3
14:52672118-53311109,0.0011776223314494388,3
14:53327457-53857768,0.0,3
14:53877628-54699527,0.0,3
14:54705831-57591863,0.000511472614903744,3
14:57601882-59282484,0.0,3
14:59289512-60676241,0.0,3
14:60720314-63407607,0.0,3
14:63418291-66677824,0.0,3
14:66683727-67322584,0.0,3
14:67338747-67711611,0.0,3
14:67717489-67868637,0.00032268907563025214,3
14:67886288-68140129,0.0,3
14:68154581-71881814,0.00018841262364578424,3
14:71888528-73047267,0.0006283976296789343,3
14:73071404-73092018,0.0,3
14:73106558-73114128,0.0,3
14:73123697-74424755,0.00045022482943242253,3
14:74430822-76554876,0.0,3
14:76560703-80554345,0.0012771963549218631,3
14:80562041-83928319,0.0,3
14:83957837-89113311,0.0,3
14:89122618-95080625,0.0,3
14:95084499-96542228,0.0,3
14:96585545-96889176,0.0,3
14:96926587-98114562,0.0,3
14:98140447-99640922,0.0,3
14:99643257-101201692,0.0,3
14:101227712-102699073,0.0,3
14:102714748-102744966,0.0007340988936080962,3
14:102754037-103609874,0.0,3
14:103616696-103656706,0.0009964867454487385,3
14:103664534-104533357,0.0012371207783307483,3
14:104537408-105080340,0.0,3
14:105082760-105322191,0.002066853954187554,3
14:105343150-105584008,0.00025050884609362765,3
14:105602756-105630089,0.0,3
14:105654998-105693581,0.0003605313092979127,3
14:105708209-105839439,0.0,3
14:105857193-105881279,0.0006460216804175863,3
14:105907191-105946993,0.0,3
14:105962305-106002179,0.00033934720841741754,3
14:106017453-106212061,0.0,3
14:106216726-106349756,0.0002514537168002514,3
15:53166-592121,0.0028869524929951663,3
15:739595-744565,0.0,3
15:18362555-18431773,0.0,3
15:18441135-18454050,0.0,3
15:18657388-18683110,0.001523217291631724,3
15:18722595-18790589,0.001195338425256303,3
15:18835660-18884436,0.0009194123796947087,3
15:19109124-19465359,0.0012397860962566848,3
15:19805960-19845942,0.0,3
15:19860116-19886840,0.0,3
15:19910867-20060061,0.0014455704566452938,3
15:20307869-20387327,0.0009187800997942222,3
15:20393586-20773131,0.0018533591320139201,3
15:20800736-20851679,0.00028129395218002813,3
15:21195208-21982746,0.0003425684066286987,3
15:22038880-22138119,0.0,3
15:22163893-22272781,0.00040248042536735764,3
15:22289273-22364310,0.0005228373137855073,3
15:22374850-23389141,0.00025240574223063577,3
15:23440964-23933266,0.0003435393137802207,3
15:23967192-26208602,0.0,3
15:26214008-26884885,0.0,3
15:27009381-32443495,0.0,3
15:32447707-32511475,0.0011569656488549615,3
15:32523241-32594902,0.0007523434149529273,3
15:32605086-32654561,0.0,3
15:32667508-32751435,0.0,3
15:32796260-39569934,0.0013365095552639696,3
15:39578565-39587716,0.0003435114503816794,3
15:39590440-39979013,0.0021067061976088068,3
15:39989024-40217541,0.0009920853216219998,3
15:40224293-41638388,0.0010611763414901786,3
15:41676219-44156737,0.0013587520379427897,3
15:44193179-48393597,0.0008788906101494504,3
15:48406757-51888263,0.0007465698143664249,3
15:51919876-55250930,0.0,3
15:55258039-57620619,0.0,3
15:57627602-58554678,0.00032360277759050775,3
15:58564448-58660388,0.0,3
15:58666398-59295594,0.0003523674689318862,3
15:59303257-62160322,0.0,3
15:62165778-63146938,0.00019120458891013384,3
15:63158011-63872459,0.0,3
15:63879006-66338634,0.0,3
15:66351166-66470077,0.0009714521184964574,3
15:66484574-67862006,0.0009142876572016301,3
15:67879794-68837480,0.0,3
15:68850093-69962913,0.0006216610004856724,3
15:69967476-70022763,0.0009290370530944676,3
15:70037508-71955983,0.0012298209829689278,3
15:71960845-75101524,0.0,3
15:75110193-76381135,0.000358598207008965,3
15:76385459-76834073,0.0,3
15:76841291-76879936,0.0,3
15:76887995-78887127,0.0,3
15:78895415-79797536,6.274509803921571e-05,3
15:79833249-81352336,0.0,3
15:81362293-82546736,0.0,3
15:82553368-82745143,0.0002688417278107829,3
15:82891457-86414330,0.0,3
15:86418859-87600027,0.0,3
15:87605979-88178540,0.0005972724470043098,3
15:88185003-88623472,0.0005216765385858861,3
15:88627158-91016086,0.0,3
15:91021118-91761159,0.0,3
15:91769534-94906377,0.00028248587570621464,3
15:94921128-99935077,0.0,3
15:99958679-100080882,0.0005930485699271828,3
15:100089883-100176856,0.0,3
15:100182702-100200937,0.0,3
15:100217283-100282819,0.0,3
16:28087-37133,0.0,3
16:41636-151666,0.0003425684066286987,3
16:155724-182983,0.0,3
16:191307-2499608,0.0002538473742662225,3
16:2505009-4665784,0.0,3
16:4670009-9018298,0.0,3
16:9048939-13407657,5.770460270708901e-05,3
16:13422219-14817706,0.00030875866414618766,3
16:14956177-14988855,0.00046257227691826893,3
16:15039224-16166785,0.0,3
16:16174751-18701570,0.0,3
16:18701947-19396257,0.0009016889845905388,3
16:19405790-21225204,0.0,3
16:21236038-21258019,0.0005200166190878267,3
16:21382561-21444431,0.0,3
16:21448093-21501073,0.0019006155232515626,3
16:21507188-23246918,0.0,3
16:23257230-25462573,0.0,3
16:25489842-27627494,0.00018876828692779616,3
16:27639967-28503138,0.0,3
16:28508726-28529942,0.0019307122083109013,3
16:28536745-29050535,0.00018823529411764707,3
16:29063624-29528190,0.0029556800302192486,3
16:29560500-29582349,0.0004316413330298354,3
16:29586070-30555422,0.0002911169155894894,3
16:30561643-31835555,0.004203637218965531,3
16:31854837-31862577,0.0,3
16:31958973-32105104,0.0007089956593324352,3
16:32378126-32748349,0.0,3
16:33280759-33424939,0.0005115227304986948,3
16:33433058-33486907,0.0005720498510951425,3
16:33495501-33539023,0.0,3
16:33758082-33875313,0.0,3
16:34095229-34115736,0.0,3
16:34124297-34339543,0.0007830283164891193,3
16:34369010-34482623,0.0,3
16:34505520-34605030,0.00028530670470756057,3
16:34634686-34976429,0.0,3
16:45058242-45218686,0.0003556187766714082,3
16:45230563-45312514,7.952573742047446e-05,3
16:45322798-45965768,0.0003386243386243386,3
16:45981776-46219115,0.0,3
16:46232996-46704264,0.0,3
16:46713098-47356334,0.0,3
16:47380507-47610756,0.0003359051068073269,3
16:47641974-47668511,0.0008076315648198501,3
16:47717059-48773160,0.0,3
16:48783687-49225359,0.0005579151591421528,3
16:49237703-50174920,0.0,3
16:50206404-50697276,0.002579077559841927,3
16:50733339-51847185,0.0,3
16:51853490-52456026,0.00025408924884865803,3
16:52471337-52719744,0.00042328042328042346,3
16:52725865-53360409,0.0011256524692539397,3
16:53381895-53724420,0.00028142589118198874,3
16:53780548-54336421,0.0,3
16:54354643-54379834,0.0,3
16:54390012-54422612,0.0007991617184771217,3
16:54444069-54555738,0.001153273809523809,3
16:54596059-54845565,0.0004875761837787155,3
16:54859898-55031124,0.0,3
16:55038003-56457183,0.001735274998051063,3
16:56463550-56765910,0.0,3
16:56778209-58439142,0.0008755733594506313,3
16:58452085-59295365,0.0015906771403370232,3
16:59325545-61138989,0.0,3
16:61163269-63210535,0.001043432408988486,3
16:63246412-66317225,0.0010022719281588708,3
16:66324844-67303969,0.0009242385740734022,3
16:67314736-68371045,0.0012290327456102687,3
16:68378218-68531989,0.0007394851628358987,3
16:68606309-68648091,0.0,3
16:68667006-68679377,0.0,3
16:68710277-68751390,0.0009037449265750038,3
16:68838368-68874167,0.0007970736012069972,3
16:68880321-69381055,0.0014888824855655224,3
16:69391442-69397102,0.0012111627460327354,3
16:69417987-69744010,0.0005814467019808052,3
16:69763173-70593293,0.0005667191049945133,3
16:70601469-71161060,0.0011833740831295853,3
16:71180297-71797476,0.0,3
16:71838028-72906433,0.0020147960256521784,3
16:72933295-73012768,0.0010756569914997884,3
16:73022578-73030029,0.0,3
16:73043507-76974056,0.00035156514096409985,3
16:76981676-82121025,0.0007926723330785858,3
16:82128902-83298645,0.0,3
16:83310258-86444508,0.0,3
16:86462708-86560114,0.0,3
16:86571161-86861829,0.000448828349251083,3
16:86874711-86968529,0.0003474489171576247,3
16:86985669-88124384,0.0004173350096096877,3
16:88130840-88690571,0.0005194701436864888,3
17:10999-29169,0.00028155795401220077,3
17:48539-59739,0.0009274640088593574,3
17:66107-390571,0.0014038901342752982,3
17:403833-443042,0.0,3
17:444378-446414,0.0,3
17:451258-453784,0.0012175731639804616,3
17:457721-461603,0.0,3
17:465054-974692,0.0013755463685140184,3
17:984101-1003742,0.0,3
17:1008443-1295205,0.0,3
17:1302415-1427745,0.0,3
17:1432975-1439166,0.0,3
17:1440363-1452762,0.00018984337921214997,3
17:1456417-1524691,0.0009610856753320215,3
17:1531031-1536140,0.0,3
17:1542118-1560766,0.0011117632132459706,3
17:1562322-1703117,0.0,3
17:1703729-1713758,0.0009724599156915067,3
17:1718892-1845756,0.0,3
17:1859252-1859812,0.0008005536332179933,3
17:1860983-1862743,0.0,3
17:1863125-1881747,0.0,3
17:1890246-1906352,0.0,3
17:1912424-2133315,0.0,3
17:2145322-2286311,0.0006530612244897956,3
17:2286862-2330659,0.0006808427861059441,3
17:2333732-2343255,0.00031584759119944965,3
17:2361350-2900841,0.0,3
17:2914621-3387328,0.0002531245056162,3
17:3393853-4388997,0.0,3
17:4393276-4966472,0.0,3
17:4974667-5014217,0.0011152409108333733,3
17:5031837-5332851,0.0,3
17:5343504-7517491,0.0008934906360861315,3
17:7522884-8559106,0.0,3
17:8567837-9872633,0.0,3
17:9885625-9934563,0.001000438195702475,3
17:9943837-11456680,0.00033142304771110965,3
17:11469879-12854787,0.0,3
17:12861144-13000886,0.0,3
17:13035306-15423538,0.0,3
17:15462570-16521872,0.0014734866259971846,3
17:16578627-16713678,0.0,3
17:16733547-17098966,0.0,3
17:17104943-17885418,0.0,3
17:17898157-18224296,0.0,3
17:18230762-18470630,0.0005033820984741231,3
17:18474499-18868037,0.0008597576213532384,3
17:19083766-19526967,0.0006290681927395045,3
17:19542146-19715593,0.0,3
17:19724453-19825648,0.0,3
17:19833631-20159997,0.00030636668262326464,3
17:20234571-20521986,0.0003217805188710867,3
17:20569693-20596699,0.0,3
17:20618474-20721661,0.0,3
17:20727682-20882716,0.0,3
17:20891730-20949831,0.0,3
17:20959898-21204422,0.0005019607843137255,3
17:21211558-21386260,0.0,3
17:21393584-21442476,0.0007095167823772041,3
17:21627596-22078642,0.0,3
17:22129889-22142513,0.0,3
17:22315936-22324326,0.0010905508151002551,3
17:22399576-22459548,0.001258581924896632,3
17:22485675-22508198,0.0036899526711044804,3
17:22560433-22614479,0.0017033693432234231,3
17:22622230-22764692,0.001200686593734039,3
17:22775124-22788340,0.0008248840006874031,3
17:22798530-22952517,0.0,3
17:22978886-23005210,0.00035336803912289016,3
17:23030260-23591463,0.0012061106855090881,3
17:23604362-23631712,0.0,3
17:23641542-23815398,0.0,3
17:23820330-24085005,0.0,3
17:24093273-24104500,0.0007623819470947512,3
17:24108428-24223451,0.001558599275487322,3
17:24231923-24249384,0.0,3
17:24253086-24258741,0.0,3
17:24265896-24395518,0.0002543315848036879,3
17:24404020-24439755,0.0009451281702590603,3
17:24446821-24694533,0.0024354518435569725,3
17:24708419-24915412,0.0012005487799135273,3
17:24920439-24966191,0.0012196933292560376,3
17:24974517-25131411,0.0,3
17:25145468-25170458,0.0005368046702006309,3
17:25179301-25520058,0.0,3
17:25537018-25610913,0.0,3
17:25637986-25806515,0.0,3
17:25816140-25841839,0.0,3
17:25854264-25898780,0.0011739162629753914,3
17:25904202-25950168,0.00046220510351468465,3
17:25965192-26220704,0.0,3
17:26229215-26272399,0.0,3
17:26277897-26409508,0.0005648535873859901,3
17:26424460-26602264,0.0,3
17:26617118-26763588,0.00024347268941214164,3
17:26776780-26934810,0.0,3
17:26937665-27268863,0.0,3
17:27277260-27351012,0.0,3
17:27364248-27450834,0.0008011444921316172,3
17:27463558-27702851,0.00025109855618330194,3
17:27707501-27725649,0.0,3
17:27758021-27820895,0.0,3
17:27825845-28263118,0.0005982456849508873,3
17:28278626-28550069,0.0,3
17:28561477-28584812,0.0007497786385090244,3
17:28592613-28797008,0.0009057001499951569,3
17:28802490-28903337,0.0003425045289855072,3
17:28911341-29088941,0.0,3
17:29103472-29392501,0.0,3
17:29404250-29421633,0.0003542475645479939,3
17:29432404-29684217,0.00018832391713747646,3
17:29697205-29855844,0.000450070323488045,3
17:29882787-30323137,0.0,3
17:30330617-30480991,0.0,3
17:30490486-30520567,0.0,3
17:30532205-30922368,0.0,3
17:30926421-30953397,0.0,3
17:30969234-31172667,0.000771719105850269,3
17:31182810-31330891,0.0002868068833652007,3
17:31334408-31456645,0.0,3
17:31461588-31504564,0.0,3
17:31889297-31959669,0.0,3
17:31965989-32176678,0.0,3
17:32221174-32383368,0.0,3
17:32387558-32487357,0.0,3
17:32493219-32550413,0.0008629111701396538,3
17:32563736-32871918,0.00043690098582951367,3
17:32878910-32954357,0.0001976018323078996,3
17:32966528-33198713,8.221926232877812e-05,3
17:33210231-33283282,0.0,3
17:33315580-33322972,0.0003464021413950559,3
17:33708879-33836794,0.00033400598427388496,3
17:33846724-33937937,0.0,3
17:33949805-34125663,0.0,3
17:34130896-34211434,0.000569372751446895,3
17:34217158-34260921,0.0,3
17:34268102-34553000,0.0005952939599115102,3
17:34563052-34654837,0.0,3
17:34663603-34850363,0.0,3
17:34863487-34894235,0.0,3
17:34900309-34977994,0.00094617810510932,3
17:34989300-35067992,0.0015064539788147157,3
17:35076296-35282086,0.03576718108871534,3
17:35286565-35336158,0.000631126388489349,3
17:35344057-35385941,0.000835494240875849,3
17:35391450-35427554,0.00037968675842429994,3
17:35444422-35463146,0.0,3
17:35468181-35478001,0.00036040365209034117,3
17:35486136-35544912,0.0,3
17:35559756-35641086,0.0005072804133395963,3
17:35651425-35690636,0.0,3
17:35696930-35849697,0.0010383699875987273,3
17:35854781-35986154,0.0,3
17:35991941-36074566,0.0009792843691148773,3
17:36083031-36242899,0.0009706930847552336,3
17:36250672-36351895,0.0013097139907156722,3
17:36541969-36673853,0.00031295843520782394,3
17:36686013-36857537,0.0,3
17:36861607-37014754,0.0,3
17:37019956-37046097,0.0,3
17:37055494-37151062,0.0032487472783396328,3
17:37158903-37306855,0.0033697412379102964,3
17:37314955-37412772,0.0009790776787658476,3
17:37416931-38029088,0.004039147865974736,3
17:38035466-38070950,0.0008552631578947375,3
17:38077519-38710043,0.0,3
17:38784700-39114890,0.0,3
17:39139634-39275931,0.0018418406044580981,3
17:39280577-40847517,0.0036294338935526417,3
17:40859120-40926154,0.004552718757627796,3
17:41011530-41041674,0.0034177897538812964,3
17:41062669-41447005,0.0051069422223748075,3
17:41458670-41494331,0.0026871404864558346,3
17:41527705-41566540,0.0,3
17:41577520-41644979,0.0,3
17:41700762-41706870,0.0001893043066729768,3
17:41983407-42049540,0.0031041906120985864,3
17:42161364-42296514,0.0016018441008722386,3
17:42301553-42639030,0.0005663048607833885,3
17:42648686-42873571,0.002867894059220297,3
17:42975134-43019545,0.001783556125189837,3
17:43036086-43085236,0.0012228736558392841,3
17:43100477-43148025,0.0012054215782019045,3
17:43153310-43384340,0.0015807157368338792,3
17:43389085-43525899,0.0,3
17:43530214-43567365,0.0,3
17:43574909-43655795,0.0,3
17:43675198-43786656,0.0,3
17:43792395-43799543,0.0,3
17:43810166-43930335,0.0,3
17:43946120-44019176,0.001104814989157981,3
17:44023841-44158872,0.001170606206785657,3
17:44164275-44347462,0.0,3
17:44353478-44399197,0.001814585873608019,3
17:44406671-44498210,0.0,3
17:44518926-44626492,0.0,3
17:44632651-44707913,0.00018761726078799255,3
17:44721402-44847723,0.0,3
17:44860354-45025420,0.0,3
17:45031235-45116870,0.0,3
17:45127114-45186170,0.0006377752236720528,3
17:45197191-45278938,0.0007219882445503772,3
17:45285715-45505568,0.000560905049603174,3
17:45521020-45876378,0.0009471585244267202,3
17:45882425-45949667,0.0003140968422142015,3
17:45954673-46028196,0.0004935927859515901,3
17:46043118-46102034,0.00034882453399222394,3
17:46112158-46260128,0.0,3
17:46267891-46381045,0.00035227806481916396,3
17:46391449-46592316,0.000681924732557644,3
17:46599943-46826921,0.0,3
17:46858804-46875527,0.0,3
17:46904212-47081558,0.00032733492090769963,3
17:47090505-47257983,0.0,3
17:47271445-47422818,0.0,3
17:47429758-47630031,0.00032544579293511427,3
17:47664175-47823393,0.0004932491341647279,3
17:47869349-47911139,0.0,3
17:47941897-47991776,0.006780191701125162,3
17:48032081-48363259,0.0002710758695931442,3
17:48439335-48854538,0.0003417634996582365,3
17:48882141-49169293,0.0006307803776158205,3
17:49218134-49331755,0.004263069969336892,3
17:49373601-49962523,0.0013928274459738634,3
17:50008493-50405861,0.0004736218918563347,3
17:50417988-50580013,0.0,3
17:50592113-50697800,0.0011672480016986936,3
17:50706568-51021357,0.0,3
17:51054617-51229462,0.0,3
17:51336095-51733282,0.0,3
17:51750412-51824981,0.0010560248999555357,3
17:51840616-51979165,0.00025145371680025143,3
17:52005812-52081036,0.0010200878844946642,3
17:52115865-52175252,0.0,3
17:52205885-52455229,0.004170675990413497,3
17:52471697-52537392,0.001785224603288748,3
17:52545850-52924636,0.001694135347765174,3
17:52934138-53132322,0.0007838665706709416,3
17:53148437-53282106,0.0,3
17:53289830-53419048,0.0,3
17:53437573-53723036,0.0008217770929635335,3
17:53728746-53804295,0.0,3
17:53812877-53981104,0.0,3
17:53989121-54014009,0.0,3
17:54031482-54101339,0.0,3
17:54113155-54166481,0.0,3
17:54176166-54290030,0.0012605352944079185,3
17:54300821-54309513,0.0003289473684210527,3
17:54320878-54565448,0.0,3
17:54572159-54705018,0.0,3
17:54717870-54913363,0.0,3
17:54933369-55106815,0.0003022443686564418,3
17:55117688-55179325,0.0,3
17:55188840-55219333,0.0,3
17:55230326-55273077,0.0,3
17:55278433-55306486,0.00016484387383103506,3
17:55313150-55388307,0.0,3
17:55395410-55399123,0.0,3
17:55470922-55677345,0.0,3
17:55687335-55943778,0.0,3
17:55956152-56004159,0.0,3
17:56015609-56174508,0.0,3
17:56184200-56439989,0.0,3
17:56447865-57110595,0.0002970606629143214,3
17:57117999-57372913,0.00035622843148168745,3
17:57378523-57606291,0.0,3
17:57670026-57838106,0.0,3
17:57851812-57992993,0.0,3
17:57999619-58011252,0.0,3
17:58020021-58237789,0.0,3
17:58286355-58534378,0.0,3
17:58552791-58682708,0.0003046897888355531,3
17:58697752-58747935,0.0,3
17:58754373-58810867,0.0008030142999468152,3
17:58829892-59043189,0.00029296875,3
17:59047641-59414919,0.0,3
17:59423034-59692269,0.0,3
17:59697825-59821791,0.0,3
17:59835362-60196060,0.0,3
17:60204302-60347930,0.000358881187896732,3
17:60360566-60434075,0.0,3
17:60444825-60454139,0.0,3
17:60462254-60503653,0.0,3
17:60524467-60622836,0.0,3
17:60634938-61232593,0.0,3
17:61247968-61578637,0.0019159193948946524,3
17:61590200-61726416,0.0003529963321474864,3
17:61733108-61833313,0.0,3
17:61841153-62243790,0.0,3
17:62251943-62478561,0.0,3
17:62484955-62865744,0.000644468313641246,3
17:62876193-63085689,0.0006294038819003152,3
17:63097392-63330475,0.00018832391713747646,3
17:63339485-63357090,0.0,3
17:63372480-63587647,0.0,3
17:63656768-63774037,0.0,3
17:63780439-63983965,0.0,3
17:63992868-64014886,0.0003569712363561475,3
17:64021465-64542802,0.0,3
17:64552176-64671550,0.0,3
17:64678301-65137679,0.0,3
17:65159361-65368144,0.0,3
17:65395757-65450238,0.0,3
17:65470475-65619979,0.0,3
17:65625225-65764729,0.0,3
17:65775887-65840397,0.0,3
17:65857197-66108544,0.0,3
17:66151316-66477303,0.0,3
17:66493468-66940678,0.0,3
17:66970478-67825959,0.0007813740950056975,3
17:67849232-68295347,0.0006717873990466544,3
17:68304835-68391373,0.0,3
17:68407092-69375386,0.0,3
17:69416451-70413047,0.0008309086374594728,3
17:70422533-70425975,0.0,3
17:70429779-70934828,0.0,3
17:70941257-71134968,0.00036207717960933764,3
17:71144026-71210200,0.0,3
17:71220943-71421156,0.0010789980732177264,3
17:71426927-71818618,0.0,3
17:71835912-72121536,0.0,3
17:72125996-72506520,0.0,3
17:72554830-73052895,0.0005098789037603569,3
17:73072270-73113038,0.0,3
17:73165986-73645820,0.0015102419495779632,3
17:73649740-73971775,0.0011493463687516094,3
17:73979103-74243371,0.0010118018604581545,3
17:74252668-74967497,0.0,3
17:74973934-75057499,0.0003376796396325094,3
17:75246607-75415392,0.0,3
17:75423238-76306293,0.0012667667384304662,3
17:76317997-76634679,0.0,3
17:76641413-76646445,0.0,3
17:76653190-76693851,0.0,3
17:76705088-77000835,6.475635421725755e-05,3
17:77012812-77405218,0.0,3
17:77422698-77432294,0.0,3
17:77442683-77478901,0.0,3
17:77503378-77503685,0.001168582074093885,3
17:77535412-77646396,0.0003466538276360136,3
17:77653668-77696106,0.0,3
17:77704506-78562654,0.001240419208509308,3
17:78572201-78653545,0.000450070323488045,3
18:4316-75432,0.0,3
18:121700-128568,0.0,3
18:138963-467510,0.0,3
18:475240-735100,0.0,3
18:745179-1211608,0.001545405054176984,3
18:1232557-2415506,0.0,3
18:2427324-2694258,0.0,3
18:2708341-3545445,0.0005412780424523028,3
18:3556635-4569844,0.0,3
18:4579794-5169711,0.0,3
18:5185011-5280748,0.0013961858434347063,3
18:5284216-5637217,0.00038040893961008076,3
18:5660598-6461189,0.0,3
18:6471417-6499427,0.00033898305084745765,3
18:6532535-6784144,0.0,3
18:6803026-8360839,0.0,3
18:8373762-10146194,0.0,3
18:10186986-11241899,0.0011212780286293325,3
18:11276577-14071828,0.0003020292590844738,3
18:14079350-14091534,0.0009308952718455357,3
18:14091869-14112462,0.001000396498201203,3
18:14120810-14602888,6.29227623092654e-05,3
18:14723811-14968075,0.0,3
18:15079189-15370631,0.0,3
18:16808486-16996321,0.0006409214902187055,3
18:17030723-17267405,0.0,3
18:17278237-18565403,0.0,3
18:18594203-18968555,0.00157363550059144,3
18:18979399-19204173,0.0,3
18:19215149-19728233,0.0015569930329233108,3
18:19733211-22259536,0.001632576477453347,3
18:22269177-22793854,0.003396288015787563,3
18:22806771-23086108,0.001714979942318738,3
18:23137836-24624501,0.0,3
18:24650677-28276824,0.0021827561097706723,3
18:28288419-29558913,0.0,3
18:29566278-30236176,0.0,3
18:30256816-36963702,0.0,3
18:36996895-42435594,0.0001738374619730554,3
18:42452207-44456688,0.0010547129175159466,3
18:44463005-46007592,0.0011765226785682684,3
18:46023418-47316297,0.0,3
18:47386120-48178655,0.0,3
18:48187829-51613228,0.0,3
18:51630663-51747511,0.000348046195222275,3
18:51767179-55758094,0.0013483003983164332,3
18:55763385-57119698,0.0,3
18:57167311-61400117,0.0006246715218860273,3
18:61430694-62786765,0.0004290406918281155,3
18:62820286-64788942,0.0,3
18:64796820-66358047,0.0,3
18:66394814-68375250,0.0005401026194977045,3
18:68386012-71032530,0.0002501563477173234,3
18:71041018-75196415,0.0011698400339595749,3
18:75205199-75248694,0.0,3
18:75254596-76110964,0.0,3
19:8246-232080,0.0,3
19:232836-236846,0.0005605770902138014,3
19:239700-258717,0.0,3
19:265457-668643,0.0,3
19:677462-753834,0.0,3
19:763067-2336468,0.0,3
19:2345665-3342864,0.0,3
19:3363749-3971503,0.00018770530267480057,3
19:3983752-5360390,0.0,3
19:5382083-5729696,0.0,3
19:5735403-5783884,0.0,3
19:5794077-6284798,0.0,3
19:6294243-6829599,0.0,3
19:6838563-8683350,0.0,3
19:8691111-8964959,0.00032434867482543736,3
19:8994090-9275927,0.0,3
19:9283165-9745582,0.0,3
19:9758535-10191584,0.0,3
19:10213505-10628317,0.0,3
19:10634018-10901457,0.0,3
19:10908632-11033566,0.0,3
19:11044905-12582305,0.0,3
19:12595434-13178512,0.0,3
19:13188639-14135749,0.0,3
19:14154925-14202425,0.0,3
19:14230586-14889916,0.0,3
19:14895218-14903239,0.0,3
19:14913949-15034235,0.0,3
19:15039778-15382522,0.0,3
19:15393335-15627509,0.0003527003621476933,3
19:15632023-16680896,0.000675591763741586,3
19:16691307-16886064,0.0,3
19:16897961-16929691,0.0,3
19:16940004-17375791,0.0,3
19:17377353-17885285,0.000984916462040005,3
19:17894043-18171634,0.0,3
19:18176377-18335744,0.0005923255519639119,3
19:18341711-19173645,0.0,3
19:19178436-19709261,0.0,3
19:19716524-20383210,0.0,3
19:20422576-20493401,0.0006551072289941986,3
19:20552279-20887746,0.0,3
19:20894154-21360507,0.0,3
19:21365318-21867600,0.00018876828692779616,3
19:21880430-22117890,0.0006864052636258558,3
19:22142943-23523832,0.00028315243039169424,3
19:23542436-23555254,0.0,3
19:23576365-23785986,0.0,3
19:23792642-24112851,0.0,3
19:24121458-24157855,0.0,3
19:32545047-32939756,0.0,3
19:32964337-33432675,0.0,3
19:33479027-33771144,0.0,3
19:33781013-34430432,0.0,3
19:34467144-36255437,0.0,3
19:36288875-36863686,0.0,3
19:36912833-38215548,0.000692291050695897,3
19:38224496-39390987,0.0,3
19:39397840-40350432,0.0,3
19:40356341-40522716,0.0,3
19:40530071-40556205,0.00033356401384083034,3
19:40562762-41507544,0.0,3
19:41514405-41790320,0.0,3
19:41820589-42286136,0.0,3
19:42305997-42921103,0.0,3
19:42932192-43840067,0.0,3
19:43851237-44061035,0.0,3
19:44068824-44701223,0.0,3
19:44705773-45465328,0.0,3
19:45486119-45924425,0.0008627757851653478,3
19:45934725-46027876,0.0,3
19:46042726-46073325,0.0004996807595147543,3
19:46078903-47472679,0.0,3
19:47482537-47895271,0.0,3
19:47934635-48237067,0.0009621039415865459,3
19:48267018-48449548,0.0003529411764705882,3
19:48500241-49947017,0.00035307334296260637,3
19:49950095-52086307,0.0,3
19:52096843-52535369,0.00048367108572523645,3
19:52542167-53091152,0.0,3
19:53097690-53924699,0.0,3
19:53928532-55183435,0.0,3
19:55204293-55567209,0.0,3
19:55578027-55703886,0.000546905090769359,3
19:55717955-56192915,0.0005824849996629138,3
19:56199876-56402133,0.0,3
19:56410023-56795493,0.0,3
19:56816785-56859204,0.0010582089375834722,3
19:56864309-57628348,0.0,3
19:57641139-57681491,0.0,3
19:57694326-58009991,0.0,3
19:58019853-58237461,0.0,3
19:58249435-58747326,0.0,3
19:58760325-59398679,0.0006932525660440851,3
19:59406523-59440274,0.000582807187955318,3
19:59446274-59507350,0.0,3
19:59512768-60355202,0.0,3
19:60361993-60930583,0.0,3
19:60941502-62596475,0.0,3
19:62601750-63093126,0.0,3
19:63109238-63155123,0.0,3
19:63161590-63485310,0.0,3
19:63492215-63575960,0.0,3
19:63588319-63784327,0.0,3
20:8747-57263,0.000624562313578005,3
20:69521-189250,0.0,3
20:194755-763411,0.0,3
20:771302-1487457,0.0006009220799611754,3
20:1499034-1506379,0.0,3
20:1516966-1539155,0.0,3
20:1546858-1557784,0.0,3
20:1578087-3037884,0.0,3
20:3049358-5225253,0.0,3
20:5229790-5512878,0.0,3
20:5520697-6747437,0.0005425987624940501,3
20:6777556-8801003,0.0,3
20:8811572-9761862,0.0007766788161185193,3
20:9785760-12243594,0.002129754763994846,3
20:12278907-12478772,0.0,3
20:12495273-14729413,0.0,3
20:14747098-14920195,0.0006390092879256967,3
20:14939493-15029315,0.0,3
20:15036230-15158545,0.0007321921432350881,3
20:15174690-15904629,0.0,3
20:15922383-16680587,0.0,3
20:16687718-16786404,0.0,3
20:16804987-17574374,0.0,3
20:17587221-18440839,0.0,3
20:18455112-20061778,0.001738958972260587,3
20:20075088-22015778,0.0,3
20:22035853-22233149,0.0,3
20:22275591-22680306,0.00030075187969924805,3
20:22721013-23900883,0.0,3
20:23907317-25032355,0.0,3
20:25049716-25116611,0.0,3
20:25127190-25551958,0.0007403891789273849,3
20:25557493-25821065,0.0,3
20:25839919-26156026,0.0,3
20:28080970-28186969,0.0,3
20:28197384-28266113,0.0,3
20:29306447-29750304,0.00016321406151914634,3
20:29761480-29773185,0.0,3
20:29787671-30010322,0.0003137254901960785,3
20:30017699-30739657,0.0,3
20:30746598-31334385,0.0,3
20:31339756-31560461,0.0,3
20:31568653-31606234,0.0,3
20:31617099-31739691,0.0,3
20:31744580-31883257,0.0,3
20:31894758-31945175,0.0,3
20:31959170-32340304,0.0,3
20:32347885-32368271,0.0,3
20:32377973-32691183,0.0003350466551833541,3
20:32696760-33365924,0.0,3
20:33373252-33634683,0.0003502391055432074,3
20:33643912-33862183,0.0,3
20:33867591-34568394,0.0005828353875892071,3
20:34577612-34873083,0.000753650494583137,3
20:34883639-35743960,0.0,3
20:35750000-35791838,0.001048581048581049,3
20:35800429-36053431,0.0003548875319659727,3
20:36066537-36768161,0.0,3
20:36781014-37132625,0.0,3
20:37153404-38764590,0.0,3
20:38771196-39033123,0.0,3
20:39049053-39344320,0.0,3
20:39358207-39678657,0.0,3
20:39688990-40052114,0.0014283510310875132,3
20:40075620-41349749,0.00046220510351468465,3
20:41394495-41514151,0.0,3
20:41519165-41740494,0.0013006892239185212,3
20:41750091-42020318,0.0,3
20:42028367-43273364,0.0,3
20:43283551-44919548,0.0009271563351259747,3
20:44934914-45117296,0.0010687245990982234,3
20:45124342-45222725,0.0,3
20:45232779-46038929,0.001178607467204844,3
20:46074165-46770469,0.0,3
20:46777921-47657956,0.00080500253957152,3
20:47670139-47720625,0.0,3
20:47728486-47873006,0.0010709713570451309,3
20:47889476-47900752,0.0006751054852320677,3
20:47912984-48215177,0.00150467876097145,3
20:48228815-48242575,0.0,3
20:48249501-48416335,0.0,3
20:48496717-48586022,0.0,3
20:48593705-48841772,0.0,3
20:48849156-48891203,0.0010022213889302168,3
20:48906328-50098541,0.0,3
20:50108575-51268051,0.0,3
20:51282489-52306283,0.0,3
20:52339941-52938123,0.0001875293014533521,3
20:52993159-53135675,0.0,3
20:53167045-53924842,0.0,3
20:53960052-54427320,0.0,3
20:54435895-55268661,0.0,3
20:55279536-55296265,0.0,3
20:55315764-55877718,0.0017535341682494213,3
20:55905016-56005175,0.0003416733925208501,3
20:56042125-56293392,0.00035927605874163564,3
20:56302917-57359062,0.00032810974192048326,3
20:57414372-57840795,0.0,3
20:57856200-57882465,0.0,3
20:57890534-58492654,0.0,3
20:58516115-59189405,0.0,3
20:59216890-59833452,0.00025027373689973407,3
20:59844907-60188644,0.001359663953333925,3
20:60193218-60328797,0.0,3
20:60333345-60363009,0.0006257490674097325,3
20:60378053-61007178,0.0,3
20:61011797-61070311,0.0016237271500429392,3
20:61079521-61147644,0.0,3
20:61157226-61433460,0.0003775365738555923,3
20:61439887-61785766,0.0,3
20:61795796-62379059,0.0009456136329549859,3
21:9896630-10198129,0.00036146310406440625,3
21:13334960-13435755,0.0,3
21:13461550-13635227,0.00010720986330742442,3
21:13660680-14258259,0.0003151041666666668,3
21:14294323-14314039,0.0,3
21:14334542-14480152,0.0,3
21:14489502-15461383,0.0,3
21:15481499-16229048,0.0024438234844863503,3
21:16236146-17380803,0.0,3
21:17408551-18006620,0.0,3
21:18028582-18047411,0.0,3
21:18057851-19285213,0.0,3
21:19337973-21082335,0.0,3
21:21092399-22121618,0.0,3
21:22152399-22985208,0.0,3
21:23023415-23393527,0.0,3
21:23415490-24730986,0.0,3
21:24749516-25496273,0.00042182227221597304,3
21:25518034-28108310,0.0,3
21:28160073-28775542,0.0,3
21:28788834-30265339,0.0,3
21:30286344-31727064,0.0006288815823808778,3
21:31734621-32578981,0.0,3
21:32584770-34121981,0.0004843592330978809,3
21:34132594-34805333,0.0,3
21:34810804-35118077,0.00032411537317870965,3
21:35123433-35138169,0.0,3
21:35143936-35153895,0.0,3
21:35162506-35255874,0.0,3
21:35266227-36466945,0.0,3
21:36471530-36734826,0.0,3
21:36740050-37166616,0.0,3
21:37173358-38202663,0.0,3
21:38210461-39024476,0.0,3
21:39030818-39918819,0.0011592684152819136,3
21:39927348-41144015,0.0,3
21:41150806-42748610,0.0012018227444829,3
21:42756544-43058520,0.0,3
21:43065018-43478129,0.0,3
21:43484649-43944137,0.0,3
21:43951640-44063684,0.0,3
21:44069095-44225285,0.00025978243221302157,3
21:44231716-46914686,0.0,3
22:134662-241255,0.0,3
22:246150-14513494,0.0003509008705040827,3
22:14791562-15013982,0.0,3
22:15270151-15403609,0.0005858490968871427,3
22:15433500-15471409,0.0003013182674199623,3
22:15523118-15563672,0.0009147368470994589,3
22:15579496-15599936,0.0,3
22:15630903-16476727,0.000382948796479049,3
22:16482888-16702519,0.0,3
22:16710421-17036278,0.0007522349114226207,3
22:17080555-17294496,0.0009284993092663325,3
22:17298569-17337860,6.736304991243898e-05,3
22:17343445-17385003,0.0,3
22:17398378-19199401,0.0,3
22:19209122-19829912,7.340988936080969e-05,3
22:19886024-20632137,0.0008683287928080137,3
22:20637682-20899315,0.0016076811019634935,3
22:20906896-21844483,0.0009233040327450851,3
22:21858001-22597688,0.0,3
22:22606654-22638797,0.0,3
22:22651385-22665928,0.0,3
22:22672513-22676549,0.0010010818234458647,3
22:22681244-22690716,0.0004613166746756366,3
22:22695759-22714749,0.0,3
22:22725750-22731544,0.0008955430653848473,3
22:22742616-23009582,0.003697868574288846,3
22:23022675-23926329,0.0,3
22:23930054-23946476,0.0006895780451017181,3
22:23952881-23967594,0.0005169848365017796,3
22:23978623-24228038,0.0007234213370387525,3
22:24263116-24866694,0.0028521439175008025,3
22:24876788-26191987,0.0,3
22:26228884-26956916,0.0,3
22:26999547-27819338,0.0,3
22:27829159-28903600,0.0004839832747248905,3
22:28922568-30224848,0.000569372751446895,3
22:30243922-31511793,0.0009978433152730906,3
22:31521603-32950474,0.0,3
22:32984614-33685030,0.0,3
22:33700502-34814916,0.00034418964849632154,3
22:34837434-35584245,0.0028830988503997287,3
22:35590804-36652726,0.001724553407721724,3
22:36658231-37678070,0.0019922659872827968,3
22:37683612-37705310,0.0038927320730242922,3
22:37717564-37801946,0.0,3
22:37803663-38961219,0.00048304974106793167,3
22:38968144-39093020,0.000358598207008965,3
22:39107247-39317843,0.0,3
22:39323749-40065743,0.0,3
22:40072147-41213949,0.0010867746441208886,3
22:41221190-41290227,0.0,3
22:41293579-41298170,0.0002538473742662225,3
22:41307174-41912419,0.003349943367149017,3
22:41917843-42643973,0.0,3
22:42652021-43322780,0.00046399226679555346,3
22:43357607-45400818,0.0,3
22:45406576-47045591,0.0,3
22:47066760-47270867,0.0024741020952742227,3
22:47281897-48910239,0.0,3
22:48916337-49447518,0.0,3
22:49451602-49509094,0.0,3
23:3229-45135,0.0010286804317945542,3
23:96116-214107,0.0012671071260028318,3
23:268930-281246,0.00025003906860446946,3
23:282116-343473,0.0015186980262066301,3
23:354639-380891,0.0013401941521845226,3
23:384298-385792,0.0011334826201364733,3
23:422315-462468,0.0,3
23:491711-524509,0.0,3
23:959048-1235529,0.0010392783416622838,3
23:1317216-1398694,7.283984339433679e-05,3
23:1672003-1687507,0.003217321582594861,3
23:1702016-1706462,0.0010566727832320517,3
23:2702388-2969155,0.0,3
23:2979705-4333249,0.0,3
23:4344718-6304998,0.0,3
23:6313049-6317139,0.0,3
23:6326742-7941487,0.0,3
23:7953807-12926016,0.0,3
23:12950493-19687954,0.0,3
23:19694569-22693189,0.0,3
23:22720401-26516197,0.0,3
23:26537079-26627128,0.0,3
23:26666781-27909205,0.00018832391713747646,3
23:27937378-30994710,0.0,3
23:31000771-34241405,0.0,3
23:34269895-38074080,0.0,3
23:38108238-45914699,0.0,3
23:45936939-47692775,0.0,3
23:47698162-47839839,0.0,3
23:47850712-52769796,0.0,3
23:52775986-52832444,0.0,3
23:52844235-58365352,0.0,3
23:61714710-64403534,0.0,3
23:64464973-66511655,0.0,3
23:66527817-67559319,0.00035803083043262074,3
23:67574650-71124218,0.0,3
23:71130036-71990852,0.0,3
23:72008396-76523923,0.0,3
23:76605907-83305349,0.0,3
23:83340047-88078465,0.000352035203520352,3
23:88111667-88259698,0.0,3
23:88434081-88986061,0.0,3
23:89001120-89245846,0.0,3
23:89270826-89888169,0.0,3
23:89922998-90087775,0.0,3
23:90107813-90588017,0.0009408357068022511,3
23:90626987-90763396,0.0,3
23:90837054-90936838,0.0,3
23:90947440-91203848,0.0,3
23:91234699-91344716,0.0,3
23:91365063-91372700,0.0002930402930402931,3
23:91404795-91459679,0.0,3
23:91489731-91607636,0.0,3
23:91632143-92103804,0.0,3
23:92209094-95651579,0.0,3
23:95696214-108087627,0.0003087313072841292,3
23:108169857-122414714,0.0,3
23:122417938-131366673,0.0,3
23:131385521-132949963,0.0,3
23:132998038-140285388,0.000342407122068139,3
23:140416671-144045173,0.00030146019783325475,3
23:144052935-145145074,0.0,3
23:145164724-149589730,0.0,3
23:149594807-151064869,0.0,3
23:151067607-152416606,0.0003371868978805395,3
23:152422390-152548587,0.0,3
23:152552851-152570071,0.0,3
23:152576854-152935130,0.0,3
23:152994680-153054487,0.0,3
23:153062077-153452633,0.0,3
23:153466463-153491568,0.0006629923653105427,3
23:153504394-153933426,0.0,3
23:153938998-153989329,0.0,3
23:153997146-154492924,0.0,3
